[NX v22.6.5 Daemon Client] - 2026-04-23T18:22:07.041Z - [Client] Starting new daemon server in background
[NX v22.6.5 Daemon Client] - 2026-04-23T18:22:07.045Z - [Client] Waiting for server (max: 6000 attempts, 10ms interval)
[NX v22.6.5 Daemon Server] - 2026-04-23T18:22:07.173Z - New daemon starting from: /home/erlin/workspace/coding-assignment/node_modules/nx/src/daemon/server/server.js
[NX v22.6.5 Daemon Server] - 2026-04-23T18:22:07.173Z - New daemon __dirname: /home/erlin/workspace/coding-assignment/node_modules/nx/src/daemon/server
[NX v22.6.5 Daemon Server] - 2026-04-23T18:22:07.173Z - New daemon nxVersion: 22.6.5
[NX v22.6.5 Daemon Server] - 2026-04-23T18:22:07.174Z - New daemon getInstalledNxVersion(): 22.6.5
[NX v22.6.5 Daemon Server] - 2026-04-23T18:22:07.176Z - Time taken for 'workspace context init' 0.5723119999999966ms
[NX v22.6.5 Daemon Server] - 2026-04-23T18:22:07.177Z - [Server] Starting outdated check interval (20ms)
[NX v22.6.5 Daemon Server] - 2026-04-23T18:22:07.178Z - Started listening on: /tmp/d96e48ca8501db6de44c/d.sock
[NX v22.6.5 Daemon Server] - 2026-04-23T18:22:07.179Z - [WATCHER]: Subscribed to changes within: /home/erlin/workspace/coding-assignment (native)
[NX v22.6.5 Daemon Server] - 2026-04-23T18:22:07.179Z - [LATEST-NX]: Pulling latest Nx...
Fetching nx...
[NX v22.6.5 Daemon Client] - 2026-04-23T18:22:07.182Z - [Client] Server available
[NX v22.6.5 Daemon Client] - 2026-04-23T18:22:07.182Z - [Client] Daemon server started, pid=73901
[NX v22.6.5 Daemon Client] - 2026-04-23T18:22:07.183Z - [Messenger] Setting up socket listeners
[NX v22.6.5 Daemon Client] - 2026-04-23T18:22:07.183Z - [Messenger] listen() complete
[NX v22.6.5 Daemon Client] - 2026-04-23T18:22:07.183Z - [Messenger] Sending message type: REQUEST_PROJECT_GRAPH
[NX v22.6.5 Daemon Client] - 2026-04-23T18:22:07.184Z - [Messenger] Message sent
[NX v22.6.5 Daemon Server] - 2026-04-23T18:22:07.259Z - [AI-AGENTS]: Starting agent configuration status computation
[NX v22.6.5 Daemon Server] - 2026-04-23T18:22:07.261Z - Established a connection. Number of open connections: 1
[NX v22.6.5 Daemon Server] - 2026-04-23T18:22:07.261Z - Established a connection. Number of open connections: 2
[NX v22.6.5 Daemon Server] - 2026-04-23T18:22:07.262Z - Closed a connection. Number of open connections: 1
[NX v22.6.5 Daemon Server] - 2026-04-23T18:22:07.276Z - Received raw message of length 32
[NX v22.6.5 Daemon Server] - 2026-04-23T18:22:07.276Z - Received json message of type REQUEST_PROJECT_GRAPH
[NX v22.6.5 Daemon Server] - 2026-04-23T18:22:07.276Z - [REQUEST]: Client Request for Project Graph Received
[NX v22.6.5 Daemon Server] - 2026-04-23T18:22:07.292Z - Time taken for 'loadSpecifiedNxPlugins' 13.871586000000008ms
Time taken for 'plugin worker 73984 code loading' 76.401333ms
[NX v22.6.5 Daemon Server] - 2026-04-23T18:22:07.389Z - Time taken for 'start-plugin-worker:/home/erlin/workspace/coding-assignment/node_modules/nx/src/plugins/js' 110.90931500000002ms
[NX v22.6.5 Daemon Server] - 2026-04-23T18:22:07.389Z - Time taken for 'start-plugin-worker:/home/erlin/workspace/coding-assignment/node_modules/nx/src/plugins/package-json' 104.65339399999999ms
Time taken for 'plugin worker 73985 code loading' 76.85032100000001ms
[NX v22.6.5 Daemon Server] - 2026-04-23T18:22:07.420Z - Time taken for 'Load Nx Plugin: /home/erlin/workspace/coding-assignment/node_modules/nx/src/plugins/package-json' 142.798181ms
Time taken for 'plugin worker 73991 code loading' 106.62289100000001ms
[NX v22.6.5 Daemon Server] - 2026-04-23T18:22:07.425Z - Time taken for 'Load Nx Plugin: /home/erlin/workspace/coding-assignment/node_modules/nx/src/plugins/js' 147.828952ms
[NX v22.6.5 Daemon Server] - 2026-04-23T18:22:07.430Z - Time taken for 'start-plugin-worker:/home/erlin/workspace/coding-assignment/node_modules/nx/src/plugins/project-json/build-nodes/project-json' 140.866186ms
[NX v22.6.5 Daemon Server] - 2026-04-23T18:22:07.473Z - [REQUEST]: Updated workspace context based on watched changes, recomputing project graph...
[NX v22.6.5 Daemon Server] - 2026-04-23T18:22:07.473Z - [REQUEST]: 
[NX v22.6.5 Daemon Server] - 2026-04-23T18:22:07.473Z - [REQUEST]: 
[NX v22.6.5 Daemon Server] - 2026-04-23T18:22:07.474Z - No files changed, but no in-memory cached project graph found. Recomputing it...
[NX v22.6.5 Daemon Server] - 2026-04-23T18:22:07.478Z - Time taken for 'loadDefaultNxPlugins' 195.522936ms
[NX v22.6.5 Daemon Server] - 2026-04-23T18:22:07.478Z - Time taken for 'Load Nx Plugin: /home/erlin/workspace/coding-assignment/node_modules/nx/src/plugins/project-json/build-nodes/project-json' 194.712216ms
[NX v22.6.5 Daemon Server] - 2026-04-23T18:22:07.478Z - Time taken for 'hash changed files from watcher' 0.19674499999996442ms
[NX v22.6.5 Daemon Server] - 2026-04-23T18:22:07.498Z - Time taken for 'build-project-configs' 12.539310999999998ms
[NX v22.6.5 Daemon Server] - 2026-04-23T18:22:07.498Z - Time taken for 'createNodes:merge' 3.095731999999998ms
[NX v22.6.5 Daemon Server] - 2026-04-23T18:22:07.498Z - Time taken for 'native-file-deps' 0.023820999999998094ms
[NX v22.6.5 Daemon Server] - 2026-04-23T18:22:07.498Z - Time taken for 'get-workspace-files' 0.6257650000000012ms
[NX v22.6.5 Daemon Server] - 2026-04-23T18:22:07.498Z - Time taken for 'get-all-workspace-files' 0.10453799999999092ms
[NX v22.6.5 Daemon Server] - 2026-04-23T18:22:07.498Z - Time taken for 'read cache' 0.13468199999999797ms
Time taken for 'nx/js/dependencies-and-lockfile:createNodes' 3.873255999999998ms
[NX v22.6.5 Daemon Server] - 2026-04-23T18:22:07.519Z - [SYNC]: collect registered sync generators
[NX v22.6.5 Daemon Server] - 2026-04-23T18:22:07.520Z - Wrote project graph cache to /home/erlin/workspace/coding-assignment/.nx/workspace-data/project-graph.json
[NX v22.6.5 Daemon Server] - 2026-04-23T18:22:07.520Z - Serializing response for REQUEST_PROJECT_GRAPH message in json mode
[NX v22.6.5 Daemon Server] - 2026-04-23T18:22:07.520Z - Responding to REQUEST_PROJECT_GRAPH message
[NX v22.6.5 Daemon Server] - 2026-04-23T18:22:07.520Z - [REQUEST]: Responding to the client. project-graph
[NX v22.6.5 Daemon Server] - 2026-04-23T18:22:07.521Z - Done responding to the client project-graph
[NX v22.6.5 Daemon Server] - 2026-04-23T18:22:07.521Z - Handled json message REQUEST_PROJECT_GRAPH. Handling time: 244. Response time: 1.
[NX v22.6.5 Daemon Server] - 2026-04-23T18:22:07.521Z - Time taken for 'total for creating and serializing project graph' 244.24684299999998ms
[NX v22.6.5 Daemon Server] - 2026-04-23T18:22:07.521Z - Time taken for 'total execution time for createProjectGraph()' 23.46645799999999ms
[NX v22.6.5 Daemon Server] - 2026-04-23T18:22:07.521Z - Time taken for 'createDependencies' 21.010932000000025ms
[NX v22.6.5 Daemon Server] - 2026-04-23T18:22:07.521Z - Time taken for 'nx/js/dependencies-and-lockfile:createDependencies' 20.805834000000004ms
[NX v22.6.5 Daemon Server] - 2026-04-23T18:22:07.521Z - Time taken for 'createMetadata' 0.037303000000008524ms
[NX v22.6.5 Daemon Server] - 2026-04-23T18:22:07.521Z - Time taken for 'serialize graph' 0.2085119999999847ms
[NX v22.6.5 Daemon Server] - 2026-04-23T18:22:07.521Z - Time taken for 'write cache' 0.7924040000000332ms
[NX v22.6.5 Daemon Client] - 2026-04-23T18:22:07.521Z - [Messenger] Received message, length: 51092
[NX v22.6.5 Daemon Client] - 2026-04-23T18:22:07.524Z - [Messenger] Sending message type: PRE_TASKS_EXECUTION
[NX v22.6.5 Daemon Client] - 2026-04-23T18:22:07.524Z - [Messenger] Message sent
[NX v22.6.5 Daemon Server] - 2026-04-23T18:22:07.525Z - Received raw message of length 435
[NX v22.6.5 Daemon Server] - 2026-04-23T18:22:07.525Z - Received json message of type PRE_TASKS_EXECUTION
[NX v22.6.5 Daemon Server] - 2026-04-23T18:22:07.526Z - Serializing response for PRE_TASKS_EXECUTION message in json mode
[NX v22.6.5 Daemon Server] - 2026-04-23T18:22:07.526Z - Responding to PRE_TASKS_EXECUTION message
[NX v22.6.5 Daemon Server] - 2026-04-23T18:22:07.526Z - [REQUEST]: Responding to the client. handleRunPreTasksExecution
[NX v22.6.5 Daemon Server] - 2026-04-23T18:22:07.526Z - Done responding to the client handleRunPreTasksExecution
[NX v22.6.5 Daemon Server] - 2026-04-23T18:22:07.526Z - Handled json message PRE_TASKS_EXECUTION. Handling time: 1. Response time: 0.
[NX v22.6.5 Daemon Server] - 2026-04-23T18:22:07.526Z - Time taken for 'preTasksExecution' 0.583139000000017ms
[NX v22.6.5 Daemon Client] - 2026-04-23T18:22:07.526Z - [Messenger] Received message, length: 2
[NX v22.6.5 Daemon Client] - 2026-04-23T18:22:07.544Z - [Messenger] Sending message type: HASH_TASKS
[NX v22.6.5 Daemon Client] - 2026-04-23T18:22:07.544Z - [Messenger] Message sent
[NX v22.6.5 Daemon Server] - 2026-04-23T18:22:07.544Z - Received raw message of length 6773
[NX v22.6.5 Daemon Server] - 2026-04-23T18:22:07.544Z - Received json message of type HASH_TASKS
[NX v22.6.5 Daemon Server] - 2026-04-23T18:22:07.544Z - Reusing in-memory cached project graph because no files changed.
DEBUG nx::native::tasks::hash_planner: get_plans_internal COMPLETED in 226.974µs - processed 2 tasks (setup: 101.258µs, parallel_planning: 123.18µs)
DEBUG nx::native::tasks::hashers::hash_workspace_files: Hashing workspace fileset with inputs: Adding "14131790413828198662" (".gitignore") to hash
DEBUG nx::native::tasks::hashers::hash_workspace_files: Hashing workspace fileset with inputs: Adding "14448195050262260541" ("nx.json") to hash
DEBUG nx::native::tasks::hashers::hash_workspace_files: Hashing workspace fileset with inputs: Hash Value: "16376564081841772630"
DEBUG nx::native::tasks::hashers::hash_workspace_files: Hashing workspace fileset with inputs: Adding "14131790413828198662" (".gitignore") to hash
DEBUG nx::native::tasks::hashers::hash_workspace_files: Hashing workspace fileset with inputs: Adding "14448195050262260541" ("nx.json") to hash
DEBUG nx::native::tasks::hashers::hash_workspace_files: Hashing workspace fileset with inputs: Hash Value: "16376564081841772630"
DEBUG nx::native::tasks::task_hasher: hash_plans COMPLETED in 990.583µs - processed 2 plans (setup: 32.879µs, hashing: 955.999µs, assembly: 30.24µs)
[NX v22.6.5 Daemon Server] - 2026-04-23T18:22:07.548Z - Serializing response for HASH_TASKS message in json mode
[NX v22.6.5 Daemon Server] - 2026-04-23T18:22:07.548Z - Responding to HASH_TASKS message
[NX v22.6.5 Daemon Server] - 2026-04-23T18:22:07.548Z - [REQUEST]: Responding to the client. handleHashTasks
[NX v22.6.5 Daemon Server] - 2026-04-23T18:22:07.548Z - Done responding to the client handleHashTasks
[NX v22.6.5 Daemon Server] - 2026-04-23T18:22:07.548Z - Handled json message HASH_TASKS. Handling time: 4. Response time: 0.
[NX v22.6.5 Daemon Client] - 2026-04-23T18:22:07.548Z - [Messenger] Received message, length: 1113
[NX v22.6.5 Daemon Client] - 2026-04-23T18:22:07.554Z - [Messenger] Sending message type: GET_ESTIMATED_TASK_TIMINGS
[NX v22.6.5 Daemon Client] - 2026-04-23T18:22:07.554Z - [Messenger] Message sent
[NX v22.6.5 Daemon Server] - 2026-04-23T18:22:07.555Z - Received raw message of length 124
[NX v22.6.5 Daemon Server] - 2026-04-23T18:22:07.555Z - Received json message of type GET_ESTIMATED_TASK_TIMINGS
[NX v22.6.5 Daemon Server] - 2026-04-23T18:22:07.556Z - Serializing response for GET_ESTIMATED_TASK_TIMINGS message in json mode
[NX v22.6.5 Daemon Server] - 2026-04-23T18:22:07.556Z - Responding to GET_ESTIMATED_TASK_TIMINGS message
[NX v22.6.5 Daemon Server] - 2026-04-23T18:22:07.556Z - [REQUEST]: Responding to the client. handleGetEstimatedTaskTimings
[NX v22.6.5 Daemon Server] - 2026-04-23T18:22:07.556Z - Done responding to the client handleGetEstimatedTaskTimings
[NX v22.6.5 Daemon Server] - 2026-04-23T18:22:07.556Z - Handled json message GET_ESTIMATED_TASK_TIMINGS. Handling time: 1. Response time: 0.
[NX v22.6.5 Daemon Client] - 2026-04-23T18:22:07.556Z - [Messenger] Received message, length: 2
[NX v22.6.5 Daemon Server] - 2026-04-23T18:22:08.805Z - [WATCHER]: .playwright-cli/console-2026-04-23T17-08-50-042Z.log was modified
[NX v22.6.5 Daemon Server] - 2026-04-23T18:22:08.806Z - [SYNC]: clearing sync generators cache due to file changes
[NX v22.6.5 Daemon Server] - 2026-04-23T18:22:08.806Z - [WATCHER]: Processing file changes in outputs
[NX v22.6.5 Daemon Server] - 2026-04-23T18:22:08.907Z - [REQUEST]: Updated workspace context based on watched changes, recomputing project graph...
[NX v22.6.5 Daemon Server] - 2026-04-23T18:22:08.907Z - [REQUEST]: .playwright-cli/console-2026-04-23T17-08-50-042Z.log
[NX v22.6.5 Daemon Server] - 2026-04-23T18:22:08.907Z - [REQUEST]: 
[NX v22.6.5 Daemon Server] - 2026-04-23T18:22:08.923Z - Time taken for 'hash changed files from watcher' 0.30779900000015914ms
Time taken for 'plugin worker 74143 code loading' 130.56153ms
[NX v22.6.5 Daemon Server] - 2026-04-23T18:22:09.083Z - Time taken for 'start-plugin-worker:nx/core/package-json' 167.95336099999986ms
Time taken for 'plugin worker 74144 code loading' 130.95761ms
[NX v22.6.5 Daemon Server] - 2026-04-23T18:22:09.085Z - Time taken for 'start-plugin-worker:nx/js/dependencies-and-lockfile' 176.3472260000001ms
[NX v22.6.5 Daemon Server] - 2026-04-23T18:22:09.085Z - Time taken for 'start-plugin-worker:nx/core/project-json' 164.96776599999998ms
Time taken for 'plugin worker 74150 code loading' 127.595396ms
[NX v22.6.5 Daemon Server] - 2026-04-23T18:22:09.156Z - Time taken for 'build-project-configs' 244.05308100000025ms
[NX v22.6.5 Daemon Server] - 2026-04-23T18:22:09.156Z - Time taken for 'createNodes:merge' 1.5076680000001943ms
[NX v22.6.5 Daemon Server] - 2026-04-23T18:22:09.156Z - Time taken for 'get-all-workspace-files' 0.24597700000003897ms
Time taken for 'nx/js/dependencies-and-lockfile:createNodes' 2.4823030000000017ms
[NX v22.6.5 Daemon Server] - 2026-04-23T18:22:09.160Z - [SYNC]: collect registered sync generators
[NX v22.6.5 Daemon Server] - 2026-04-23T18:22:09.160Z - [SYNC]: project graph hash is the same, not collecting task sync generators
[NX v22.6.5 Daemon Server] - 2026-04-23T18:22:09.160Z - [SYNC]: nx.json hash is the same, not collecting global sync generators
[NX v22.6.5 Daemon Server] - 2026-04-23T18:22:09.161Z - Time taken for 'total execution time for createProjectGraph()' 6.627620999999635ms
[NX v22.6.5 Daemon Server] - 2026-04-23T18:22:09.161Z - Time taken for 'createDependencies' 3.8533690000003844ms
[NX v22.6.5 Daemon Server] - 2026-04-23T18:22:09.161Z - Time taken for 'nx/js/dependencies-and-lockfile:createDependencies' 3.7189300000000003ms
[NX v22.6.5 Daemon Server] - 2026-04-23T18:22:09.161Z - Time taken for 'createMetadata' 0.03800100000034945ms
[NX v22.6.5 Daemon Server] - 2026-04-23T18:22:09.161Z - Time taken for 'serialize graph' 0.40530500000022585ms
[NX v22.6.5 Daemon Server] - 2026-04-23T18:22:12.437Z - [LATEST-NX]: Successfully pulled latest Nx to /tmp/tmp-73901-XOWhyCHMjH1A
[NX v22.6.5 Daemon Server] - 2026-04-23T18:22:12.536Z - [NX-CONSOLE]: Using local implementation (NX_USE_LOCAL=true or inner call)
DEBUG nx::native::ide::install: Detected editor: Unknown
[NX v22.6.5 Daemon Server] - 2026-04-23T18:22:12.537Z - [NX-CONSOLE]: Console status check completed, shouldPrompt: false
DEBUG nx::native::ide::install: Editor command 'code' is installed
DEBUG nx::native::ide::install: Editor command 'code-insiders' not found
DEBUG nx::native::ide::install: Checking if Nx Console extension is installed with: code --list-extensions
DEBUG nx::native::ide::install: Nx Console extension is not installed
DEBUG nx::native::ide::install: Cursor extension installation not supported on this platform
DEBUG nx::native::ide::install: No command available for editor: Cursor
DEBUG nx::native::ide::install: Cursor extension installation not supported on this platform
[NX v22.6.5 Daemon Server] - 2026-04-23T18:22:13.110Z - [AI-AGENTS]: Agent configuration status computation completed: 0 fully configured, 0 outdated, 1 partially configured, 4 non-configured
[NX v22.6.5 Daemon Client] - 2026-04-23T18:22:14.789Z - [Messenger] Sending message type: RECORD_TASK_RUNS
[NX v22.6.5 Daemon Client] - 2026-04-23T18:22:14.789Z - [Messenger] Message sent
[NX v22.6.5 Daemon Server] - 2026-04-23T18:22:14.789Z - Received raw message of length 371
[NX v22.6.5 Daemon Server] - 2026-04-23T18:22:14.790Z - Received json message of type RECORD_TASK_RUNS
[NX v22.6.5 Daemon Server] - 2026-04-23T18:22:14.798Z - Serializing response for RECORD_TASK_RUNS message in json mode
[NX v22.6.5 Daemon Server] - 2026-04-23T18:22:14.798Z - Responding to RECORD_TASK_RUNS message
[NX v22.6.5 Daemon Server] - 2026-04-23T18:22:14.798Z - [REQUEST]: Responding to the client. handleRecordTaskRuns
[NX v22.6.5 Daemon Server] - 2026-04-23T18:22:14.798Z - Done responding to the client handleRecordTaskRuns
[NX v22.6.5 Daemon Server] - 2026-04-23T18:22:14.798Z - Handled json message RECORD_TASK_RUNS. Handling time: 8. Response time: 0.
[NX v22.6.5 Daemon Client] - 2026-04-23T18:22:14.798Z - [Messenger] Received message, length: 4
[NX v22.6.5 Daemon Server] - 2026-04-23T18:22:14.799Z - Established a connection. Number of open connections: 2
[NX v22.6.5 Daemon Client] - 2026-04-23T18:22:14.799Z - [Messenger] Sending message type: GET_CONFIGURE_AI_AGENTS_STATUS
[NX v22.6.5 Daemon Client] - 2026-04-23T18:22:14.800Z - [Messenger] Message sent
[NX v22.6.5 Daemon Server] - 2026-04-23T18:22:14.800Z - Closed a connection. Number of open connections: 1
[NX v22.6.5 Daemon Server] - 2026-04-23T18:22:14.800Z - Received raw message of length 41
[NX v22.6.5 Daemon Server] - 2026-04-23T18:22:14.800Z - Received json message of type GET_CONFIGURE_AI_AGENTS_STATUS
[NX v22.6.5 Daemon Server] - 2026-04-23T18:22:14.800Z - [AI-AGENTS]: Returning cached agent configuration status
[NX v22.6.5 Daemon Server] - 2026-04-23T18:22:14.800Z - Serializing response for GET_CONFIGURE_AI_AGENTS_STATUS message in json mode
[NX v22.6.5 Daemon Server] - 2026-04-23T18:22:14.800Z - Responding to GET_CONFIGURE_AI_AGENTS_STATUS message
[NX v22.6.5 Daemon Server] - 2026-04-23T18:22:14.800Z - [REQUEST]: Responding to the client. handleGetConfigureAiAgentsStatus
[NX v22.6.5 Daemon Server] - 2026-04-23T18:22:14.800Z - Done responding to the client handleGetConfigureAiAgentsStatus
[NX v22.6.5 Daemon Server] - 2026-04-23T18:22:14.800Z - Handled json message GET_CONFIGURE_AI_AGENTS_STATUS. Handling time: 0. Response time: 0.
[NX v22.6.5 Daemon Client] - 2026-04-23T18:22:14.800Z - [Messenger] Received message, length: 341
[NX v22.6.5 Daemon Client] - 2026-04-23T18:22:14.802Z - [Messenger] Sending message type: POST_TASKS_EXECUTION
[NX v22.6.5 Daemon Client] - 2026-04-23T18:22:14.802Z - [Messenger] Message sent
[NX v22.6.5 Daemon Server] - 2026-04-23T18:22:14.802Z - Received raw message of length 4884
[NX v22.6.5 Daemon Server] - 2026-04-23T18:22:14.802Z - Received json message of type POST_TASKS_EXECUTION
[NX v22.6.5 Daemon Server] - 2026-04-23T18:22:14.802Z - Serializing response for POST_TASKS_EXECUTION message in json mode
[NX v22.6.5 Daemon Server] - 2026-04-23T18:22:14.802Z - Responding to POST_TASKS_EXECUTION message
[NX v22.6.5 Daemon Server] - 2026-04-23T18:22:14.803Z - [REQUEST]: Responding to the client. handleRunPostTasksExecution
[NX v22.6.5 Daemon Server] - 2026-04-23T18:22:14.803Z - Done responding to the client handleRunPostTasksExecution
[NX v22.6.5 Daemon Server] - 2026-04-23T18:22:14.803Z - Handled json message POST_TASKS_EXECUTION. Handling time: 0. Response time: 1.
[NX v22.6.5 Daemon Client] - 2026-04-23T18:22:14.803Z - [Messenger] Received message, length: 4
[NX v22.6.5 Daemon Server] - 2026-04-23T18:22:14.803Z - Time taken for 'postTasksExecution' 0.21079900000040652ms
[NX v22.6.5 Daemon Server] - 2026-04-23T18:22:14.813Z - [WATCHER]: .playwright-cli/console-2026-04-23T17-08-50-042Z.log was modified
[NX v22.6.5 Daemon Server] - 2026-04-23T18:22:14.813Z - [SYNC]: clearing sync generators cache due to file changes
[NX v22.6.5 Daemon Server] - 2026-04-23T18:22:14.813Z - [WATCHER]: Processing file changes in outputs
[NX v22.6.5 Daemon Server] - 2026-04-23T18:22:14.822Z - Closed a connection. Number of open connections: 0
[NX v22.6.5 Daemon Server] - 2026-04-23T18:22:15.013Z - [REQUEST]: Updated workspace context based on watched changes, recomputing project graph...
[NX v22.6.5 Daemon Server] - 2026-04-23T18:22:15.014Z - [REQUEST]: .playwright-cli/console-2026-04-23T17-08-50-042Z.log
[NX v22.6.5 Daemon Server] - 2026-04-23T18:22:15.014Z - [REQUEST]: 
[NX v22.6.5 Daemon Server] - 2026-04-23T18:22:15.033Z - Time taken for 'hash changed files from watcher' 0.2945369999997638ms
Time taken for 'plugin worker 74322 code loading' 86.98210399999999ms
[NX v22.6.5 Daemon Server] - 2026-04-23T18:22:15.140Z - Time taken for 'start-plugin-worker:nx/js/dependencies-and-lockfile' 124.5988380000008ms
Time taken for 'plugin worker 74323 code loading' 82.927217ms
[NX v22.6.5 Daemon Server] - 2026-04-23T18:22:15.143Z - Time taken for 'start-plugin-worker:nx/core/package-json' 119.0043539999997ms
Time taken for 'plugin worker 74329 code loading' 85.992312ms
[NX v22.6.5 Daemon Server] - 2026-04-23T18:22:15.150Z - Time taken for 'start-plugin-worker:nx/core/project-json' 120.87042500000007ms
[NX v22.6.5 Daemon Server] - 2026-04-23T18:22:15.190Z - Time taken for 'build-project-configs' 173.32580099999996ms
[NX v22.6.5 Daemon Server] - 2026-04-23T18:22:15.190Z - Time taken for 'createNodes:merge' 0.4998310000000856ms
[NX v22.6.5 Daemon Server] - 2026-04-23T18:22:15.190Z - Time taken for 'get-all-workspace-files' 0.05344799999966199ms
Time taken for 'nx/js/dependencies-and-lockfile:createNodes' 2.1736649999999997ms
[NX v22.6.5 Daemon Server] - 2026-04-23T18:22:15.193Z - [SYNC]: collect registered sync generators
[NX v22.6.5 Daemon Server] - 2026-04-23T18:22:15.193Z - [SYNC]: project graph hash is the same, not collecting task sync generators
[NX v22.6.5 Daemon Server] - 2026-04-23T18:22:15.193Z - [SYNC]: nx.json hash is the same, not collecting global sync generators
[NX v22.6.5 Daemon Server] - 2026-04-23T18:22:15.194Z - Time taken for 'total execution time for createProjectGraph()' 4.564867999999478ms
[NX v22.6.5 Daemon Server] - 2026-04-23T18:22:15.194Z - Time taken for 'createDependencies' 3.4537789999994857ms
[NX v22.6.5 Daemon Server] - 2026-04-23T18:22:15.194Z - Time taken for 'nx/js/dependencies-and-lockfile:createDependencies' 3.314789000000019ms
[NX v22.6.5 Daemon Server] - 2026-04-23T18:22:15.194Z - Time taken for 'createMetadata' 0.056432000000313565ms
[NX v22.6.5 Daemon Server] - 2026-04-23T18:22:15.194Z - Time taken for 'serialize graph' 0.34587699999974575ms
[NX v22.6.5 Daemon Server] - 2026-04-23T18:23:10.334Z - Established a connection. Number of open connections: 1
[NX v22.6.5 Daemon Server] - 2026-04-23T18:23:10.334Z - Closed a connection. Number of open connections: 0
[NX v22.6.5 Daemon Server] - 2026-04-23T18:23:10.335Z - Established a connection. Number of open connections: 1
[NX v22.6.5 Daemon Server] - 2026-04-23T18:23:10.335Z - Closed a connection. Number of open connections: 0
[NX v22.6.5 Daemon Server] - 2026-04-23T18:23:10.335Z - Established a connection. Number of open connections: 1
[NX v22.6.5 Daemon Client] - 2026-04-23T18:23:10.335Z - [Messenger] Setting up socket listeners
[NX v22.6.5 Daemon Client] - 2026-04-23T18:23:10.335Z - [Messenger] listen() complete
[NX v22.6.5 Daemon Client] - 2026-04-23T18:23:10.336Z - [Messenger] Sending message type: GET_NX_CONSOLE_STATUS
[NX v22.6.5 Daemon Client] - 2026-04-23T18:23:10.336Z - [Messenger] Message sent
[NX v22.6.5 Daemon Server] - 2026-04-23T18:23:10.384Z - [WATCHER]: nx.json was modified
[NX v22.6.5 Daemon Server] - 2026-04-23T18:23:10.385Z - [SYNC]: clearing sync generators cache due to file changes
[NX v22.6.5 Daemon Server] - 2026-04-23T18:23:10.385Z - [WATCHER]: Processing file changes in outputs
[NX v22.6.5 Daemon Server] - 2026-04-23T18:23:10.413Z - Received raw message of length 32
[NX v22.6.5 Daemon Server] - 2026-04-23T18:23:10.413Z - Received json message of type GET_NX_CONSOLE_STATUS
[NX v22.6.5 Daemon Server] - 2026-04-23T18:23:10.413Z - Serializing response for GET_NX_CONSOLE_STATUS message in json mode
[NX v22.6.5 Daemon Server] - 2026-04-23T18:23:10.413Z - Responding to GET_NX_CONSOLE_STATUS message
[NX v22.6.5 Daemon Server] - 2026-04-23T18:23:10.413Z - [REQUEST]: Responding to the client. handleGetNxConsoleStatus
[NX v22.6.5 Daemon Server] - 2026-04-23T18:23:10.413Z - Done responding to the client handleGetNxConsoleStatus
[NX v22.6.5 Daemon Server] - 2026-04-23T18:23:10.413Z - Handled json message GET_NX_CONSOLE_STATUS. Handling time: 0. Response time: 0.
[NX v22.6.5 Daemon Client] - 2026-04-23T18:23:10.413Z - [Messenger] Received message, length: 22
[NX v22.6.5 Daemon Client] - 2026-04-23T18:23:10.437Z - [Messenger] Sending message type: REQUEST_PROJECT_GRAPH
[NX v22.6.5 Daemon Client] - 2026-04-23T18:23:10.437Z - [Messenger] Message sent
[NX v22.6.5 Daemon Server] - 2026-04-23T18:23:10.437Z - Received raw message of length 32
[NX v22.6.5 Daemon Server] - 2026-04-23T18:23:10.437Z - Received json message of type REQUEST_PROJECT_GRAPH
[NX v22.6.5 Daemon Server] - 2026-04-23T18:23:10.437Z - [REQUEST]: Client Request for Project Graph Received
[NX v22.6.5 Daemon Server] - 2026-04-23T18:23:10.437Z - Recomputing project graph because of 1 updated and 0 deleted files.
[NX v22.6.5 Daemon Server] - 2026-04-23T18:23:10.437Z - [REQUEST]: Updated workspace context based on watched changes, recomputing project graph...
[NX v22.6.5 Daemon Server] - 2026-04-23T18:23:10.437Z - [REQUEST]: nx.json
[NX v22.6.5 Daemon Server] - 2026-04-23T18:23:10.437Z - [REQUEST]: 
[NX v22.6.5 Daemon Server] - 2026-04-23T18:23:10.445Z - Time taken for 'hash changed files from watcher' 0.12321100000553997ms
Time taken for 'plugin worker 74744 code loading' 54.449144999999994ms
Time taken for 'plugin worker 74745 code loading' 54.477593999999996ms
[NX v22.6.5 Daemon Server] - 2026-04-23T18:23:10.515Z - Time taken for 'start-plugin-worker:nx/core/package-json' 74.17295100000047ms
Time taken for 'plugin worker 74751 code loading' 56.633804ms
[NX v22.6.5 Daemon Server] - 2026-04-23T18:23:10.521Z - Time taken for 'start-plugin-worker:nx/js/dependencies-and-lockfile' 83.19560800000181ms
[NX v22.6.5 Daemon Server] - 2026-04-23T18:23:10.525Z - Time taken for 'start-plugin-worker:nx/core/project-json' 82.4663520000031ms
[NX v22.6.5 Daemon Server] - 2026-04-23T18:23:10.551Z - Time taken for 'build-project-configs' 112.83973700000206ms
[NX v22.6.5 Daemon Server] - 2026-04-23T18:23:10.551Z - Time taken for 'createNodes:merge' 0.28861999999935506ms
[NX v22.6.5 Daemon Server] - 2026-04-23T18:23:10.551Z - Time taken for 'get-all-workspace-files' 0.04270800000085728ms
Time taken for 'nx/js/dependencies-and-lockfile:createNodes' 1.0666169999999937ms
[NX v22.6.5 Daemon Server] - 2026-04-23T18:23:10.553Z - [SYNC]: collect registered sync generators
[NX v22.6.5 Daemon Server] - 2026-04-23T18:23:10.553Z - [SYNC]: project graph hash is the same, not collecting task sync generators
[NX v22.6.5 Daemon Server] - 2026-04-23T18:23:10.553Z - [SYNC]: nx.json hash is the same, not collecting global sync generators
[NX v22.6.5 Daemon Server] - 2026-04-23T18:23:10.554Z - Wrote project graph cache to /home/erlin/workspace/coding-assignment/.nx/workspace-data/project-graph.json
[NX v22.6.5 Daemon Server] - 2026-04-23T18:23:10.554Z - Serializing response for REQUEST_PROJECT_GRAPH message in json mode
[NX v22.6.5 Daemon Server] - 2026-04-23T18:23:10.554Z - Responding to REQUEST_PROJECT_GRAPH message
[NX v22.6.5 Daemon Server] - 2026-04-23T18:23:10.554Z - [REQUEST]: Responding to the client. project-graph
[NX v22.6.5 Daemon Server] - 2026-04-23T18:23:10.554Z - Done responding to the client project-graph
[NX v22.6.5 Daemon Server] - 2026-04-23T18:23:10.554Z - Handled json message REQUEST_PROJECT_GRAPH. Handling time: 117. Response time: 0.
[NX v22.6.5 Daemon Server] - 2026-04-23T18:23:10.554Z - Time taken for 'total for creating and serializing project graph' 116.96594999999797ms
[NX v22.6.5 Daemon Server] - 2026-04-23T18:23:10.554Z - Time taken for 'total execution time for createProjectGraph()' 2.236614000001282ms
[NX v22.6.5 Daemon Server] - 2026-04-23T18:23:10.554Z - Time taken for 'createDependencies' 1.6972440000026836ms
[NX v22.6.5 Daemon Server] - 2026-04-23T18:23:10.554Z - Time taken for 'nx/js/dependencies-and-lockfile:createDependencies' 1.6599839999980759ms
[NX v22.6.5 Daemon Server] - 2026-04-23T18:23:10.554Z - Time taken for 'createMetadata' 0.010023000002547633ms
[NX v22.6.5 Daemon Server] - 2026-04-23T18:23:10.554Z - Time taken for 'serialize graph' 0.13722200000484008ms
[NX v22.6.5 Daemon Server] - 2026-04-23T18:23:10.554Z - Time taken for 'write cache' 0.6435730000011972ms
[NX v22.6.5 Daemon Client] - 2026-04-23T18:23:10.554Z - [Messenger] Received message, length: 51092
[NX v22.6.5 Daemon Client] - 2026-04-23T18:23:10.555Z - [Messenger] Sending message type: PRE_TASKS_EXECUTION
[NX v22.6.5 Daemon Client] - 2026-04-23T18:23:10.556Z - [Messenger] Message sent
[NX v22.6.5 Daemon Server] - 2026-04-23T18:23:10.556Z - Received raw message of length 489
[NX v22.6.5 Daemon Server] - 2026-04-23T18:23:10.556Z - Received json message of type PRE_TASKS_EXECUTION
[NX v22.6.5 Daemon Server] - 2026-04-23T18:23:10.556Z - Serializing response for PRE_TASKS_EXECUTION message in json mode
[NX v22.6.5 Daemon Server] - 2026-04-23T18:23:10.556Z - Responding to PRE_TASKS_EXECUTION message
[NX v22.6.5 Daemon Server] - 2026-04-23T18:23:10.556Z - [REQUEST]: Responding to the client. handleRunPreTasksExecution
[NX v22.6.5 Daemon Server] - 2026-04-23T18:23:10.556Z - Done responding to the client handleRunPreTasksExecution
[NX v22.6.5 Daemon Server] - 2026-04-23T18:23:10.556Z - Handled json message PRE_TASKS_EXECUTION. Handling time: 0. Response time: 0.
[NX v22.6.5 Daemon Client] - 2026-04-23T18:23:10.556Z - [Messenger] Received message, length: 2
[NX v22.6.5 Daemon Server] - 2026-04-23T18:23:10.556Z - Time taken for 'preTasksExecution' 0.05687700000271434ms
[NX v22.6.5 Daemon Client] - 2026-04-23T18:23:10.585Z - [Messenger] Sending message type: HASH_TASKS
[NX v22.6.5 Daemon Client] - 2026-04-23T18:23:10.585Z - [Messenger] Message sent
[NX v22.6.5 Daemon Server] - 2026-04-23T18:23:10.586Z - Received raw message of length 7242
[NX v22.6.5 Daemon Server] - 2026-04-23T18:23:10.586Z - Received json message of type HASH_TASKS
[NX v22.6.5 Daemon Server] - 2026-04-23T18:23:10.586Z - Reusing in-memory cached project graph because no files changed.
DEBUG nx::native::tasks::hash_planner: get_plans_internal COMPLETED in 169.162µs - processed 2 tasks (setup: 65.864µs, parallel_planning: 100.983µs)
DEBUG nx::native::tasks::hashers::hash_workspace_files: Hashing workspace fileset with inputs: Adding "14131790413828198662" (".gitignore") to hash
DEBUG nx::native::tasks::hashers::hash_workspace_files: Hashing workspace fileset with inputs: Adding "16065994131877946731" ("nx.json") to hash
DEBUG nx::native::tasks::hashers::hash_workspace_files: Hashing workspace fileset with inputs: Hash Value: "9147741371145341845"
DEBUG nx::native::tasks::hashers::hash_workspace_files: Hashing workspace fileset with inputs: Adding "14131790413828198662" (".gitignore") to hash
DEBUG nx::native::tasks::hashers::hash_workspace_files: Hashing workspace fileset with inputs: Adding "16065994131877946731" ("nx.json") to hash
DEBUG nx::native::tasks::hashers::hash_workspace_files: Hashing workspace fileset with inputs: Hash Value: "9147741371145341845"
DEBUG nx::native::tasks::task_hasher: hash_plans COMPLETED in 404.577µs - processed 2 plans (setup: 48.091µs, hashing: 353.438µs, assembly: 25.706µs)
[NX v22.6.5 Daemon Server] - 2026-04-23T18:23:10.588Z - Serializing response for HASH_TASKS message in json mode
[NX v22.6.5 Daemon Server] - 2026-04-23T18:23:10.588Z - Responding to HASH_TASKS message
[NX v22.6.5 Daemon Server] - 2026-04-23T18:23:10.588Z - [REQUEST]: Responding to the client. handleHashTasks
[NX v22.6.5 Daemon Server] - 2026-04-23T18:23:10.588Z - Done responding to the client handleHashTasks
[NX v22.6.5 Daemon Server] - 2026-04-23T18:23:10.588Z - Handled json message HASH_TASKS. Handling time: 2. Response time: 0.
[NX v22.6.5 Daemon Client] - 2026-04-23T18:23:10.588Z - [Messenger] Received message, length: 1111
[NX v22.6.5 Daemon Client] - 2026-04-23T18:23:10.598Z - [Messenger] Sending message type: GET_ESTIMATED_TASK_TIMINGS
[NX v22.6.5 Daemon Client] - 2026-04-23T18:23:10.598Z - [Messenger] Message sent
[NX v22.6.5 Daemon Server] - 2026-04-23T18:23:10.599Z - Received raw message of length 124
[NX v22.6.5 Daemon Server] - 2026-04-23T18:23:10.599Z - Received json message of type GET_ESTIMATED_TASK_TIMINGS
[NX v22.6.5 Daemon Server] - 2026-04-23T18:23:10.599Z - Serializing response for GET_ESTIMATED_TASK_TIMINGS message in json mode
[NX v22.6.5 Daemon Server] - 2026-04-23T18:23:10.599Z - Responding to GET_ESTIMATED_TASK_TIMINGS message
[NX v22.6.5 Daemon Server] - 2026-04-23T18:23:10.599Z - [REQUEST]: Responding to the client. handleGetEstimatedTaskTimings
[NX v22.6.5 Daemon Server] - 2026-04-23T18:23:10.599Z - Done responding to the client handleGetEstimatedTaskTimings
[NX v22.6.5 Daemon Server] - 2026-04-23T18:23:10.599Z - Handled json message GET_ESTIMATED_TASK_TIMINGS. Handling time: 0. Response time: 0.
[NX v22.6.5 Daemon Client] - 2026-04-23T18:23:10.600Z - [Messenger] Received message, length: 2
[NX v22.6.5 Daemon Server] - 2026-04-23T18:23:14.025Z - [WATCHER]: .playwright-cli/console-2026-04-23T17-08-50-042Z.log was modified
[NX v22.6.5 Daemon Server] - 2026-04-23T18:23:14.025Z - [SYNC]: clearing sync generators cache due to file changes
[NX v22.6.5 Daemon Server] - 2026-04-23T18:23:14.025Z - [WATCHER]: Processing file changes in outputs
[NX v22.6.5 Daemon Server] - 2026-04-23T18:23:14.126Z - [REQUEST]: Updated workspace context based on watched changes, recomputing project graph...
[NX v22.6.5 Daemon Server] - 2026-04-23T18:23:14.126Z - [REQUEST]: .playwright-cli/console-2026-04-23T17-08-50-042Z.log
[NX v22.6.5 Daemon Server] - 2026-04-23T18:23:14.126Z - [REQUEST]: 
[NX v22.6.5 Daemon Server] - 2026-04-23T18:23:14.147Z - Time taken for 'hash changed files from watcher' 0.43192699999781325ms
Time taken for 'plugin worker 74907 code loading' 60.874472999999995ms
Time taken for 'plugin worker 74908 code loading' 63.70069600000001ms
Time taken for 'plugin worker 74914 code loading' 62.668898000000006ms
[NX v22.6.5 Daemon Server] - 2026-04-23T18:23:14.230Z - Time taken for 'start-plugin-worker:nx/js/dependencies-and-lockfile' 102.57893099999637ms
[NX v22.6.5 Daemon Server] - 2026-04-23T18:23:14.230Z - Time taken for 'start-plugin-worker:nx/core/project-json' 87.55879399999685ms
[NX v22.6.5 Daemon Server] - 2026-04-23T18:23:14.233Z - Time taken for 'start-plugin-worker:nx/core/package-json' 97.4501420000015ms
[NX v22.6.5 Daemon Server] - 2026-04-23T18:23:14.260Z - Time taken for 'build-project-configs' 131.64157200000773ms
[NX v22.6.5 Daemon Server] - 2026-04-23T18:23:14.260Z - Time taken for 'createNodes:merge' 0.2668149999954039ms
[NX v22.6.5 Daemon Server] - 2026-04-23T18:23:14.260Z - Time taken for 'get-all-workspace-files' 0.03264599999238271ms
Time taken for 'nx/js/dependencies-and-lockfile:createNodes' 1.105959999999996ms
[NX v22.6.5 Daemon Server] - 2026-04-23T18:23:14.261Z - [SYNC]: collect registered sync generators
[NX v22.6.5 Daemon Server] - 2026-04-23T18:23:14.261Z - [SYNC]: project graph hash is the same, not collecting task sync generators
[NX v22.6.5 Daemon Server] - 2026-04-23T18:23:14.261Z - [SYNC]: nx.json hash is the same, not collecting global sync generators
[NX v22.6.5 Daemon Server] - 2026-04-23T18:23:14.261Z - Time taken for 'total execution time for createProjectGraph()' 1.9231009999930393ms
[NX v22.6.5 Daemon Server] - 2026-04-23T18:23:14.261Z - Time taken for 'createDependencies' 1.339059999998426ms
[NX v22.6.5 Daemon Server] - 2026-04-23T18:23:14.261Z - Time taken for 'nx/js/dependencies-and-lockfile:createDependencies' 1.307224000003771ms
[NX v22.6.5 Daemon Server] - 2026-04-23T18:23:14.261Z - Time taken for 'createMetadata' 0.008142999999108724ms
[NX v22.6.5 Daemon Server] - 2026-04-23T18:23:14.261Z - Time taken for 'serialize graph' 0.12986200000159442ms
[NX v22.6.5 Daemon Server] - 2026-04-23T18:25:43.377Z - [WATCHER]: Processing file changes in outputs
[NX v22.6.5 Daemon Server] - 2026-04-23T18:25:43.378Z - [WATCHER]: node-backend/src/routes/orders.ts was modified
[NX v22.6.5 Daemon Server] - 2026-04-23T18:25:43.378Z - [SYNC]: clearing sync generators cache due to file changes
[NX v22.6.5 Daemon Server] - 2026-04-23T18:25:43.579Z - [REQUEST]: Updated workspace context based on watched changes, recomputing project graph...
[NX v22.6.5 Daemon Server] - 2026-04-23T18:25:43.579Z - [REQUEST]: node-backend/src/routes/orders.ts
[NX v22.6.5 Daemon Server] - 2026-04-23T18:25:43.579Z - [REQUEST]: 
[NX v22.6.5 Daemon Server] - 2026-04-23T18:25:43.598Z - Time taken for 'hash changed files from watcher' 0.3905889999878127ms
Time taken for 'plugin worker 76216 code loading' 73.092927ms
[NX v22.6.5 Daemon Server] - 2026-04-23T18:25:43.692Z - Time taken for 'start-plugin-worker:nx/js/dependencies-and-lockfile' 111.16995999999926ms
Time taken for 'plugin worker 76217 code loading' 76.04513899999999ms
Time taken for 'plugin worker 76223 code loading' 72.069281ms
[NX v22.6.5 Daemon Server] - 2026-04-23T18:25:43.699Z - Time taken for 'start-plugin-worker:nx/core/package-json' 109.69760899999528ms
[NX v22.6.5 Daemon Server] - 2026-04-23T18:25:43.703Z - Time taken for 'start-plugin-worker:nx/core/project-json' 109.31419400000595ms
Time taken for 'nx/js/dependencies-and-lockfile:createNodes' 1.5829750000000047ms
[NX v22.6.5 Daemon Server] - 2026-04-23T18:25:43.737Z - Time taken for 'build-project-configs' 155.3982750000141ms
[NX v22.6.5 Daemon Server] - 2026-04-23T18:25:43.737Z - Time taken for 'createNodes:merge' 0.5718430000124499ms
[NX v22.6.5 Daemon Server] - 2026-04-23T18:25:43.737Z - Time taken for 'get-all-workspace-files' 0.06322300000465475ms
[NX v22.6.5 Daemon Server] - 2026-04-23T18:25:43.741Z - [SYNC]: collect registered sync generators
[NX v22.6.5 Daemon Server] - 2026-04-23T18:25:43.741Z - [SYNC]: project graph hash is the same, not collecting task sync generators
[NX v22.6.5 Daemon Server] - 2026-04-23T18:25:43.741Z - [SYNC]: nx.json hash is the same, not collecting global sync generators
[NX v22.6.5 Daemon Server] - 2026-04-23T18:25:43.742Z - Time taken for 'total execution time for createProjectGraph()' 4.672071999986656ms
[NX v22.6.5 Daemon Server] - 2026-04-23T18:25:43.742Z - Time taken for 'createDependencies' 3.827343999990262ms
[NX v22.6.5 Daemon Server] - 2026-04-23T18:25:43.742Z - Time taken for 'nx/js/dependencies-and-lockfile:createDependencies' 3.724529999977676ms
[NX v22.6.5 Daemon Server] - 2026-04-23T18:25:43.742Z - Time taken for 'createMetadata' 0.030159999994793907ms
[NX v22.6.5 Daemon Server] - 2026-04-23T18:25:43.742Z - Time taken for 'serialize graph' 0.18987900001229718ms
[NX v22.6.5 Daemon Server] - 2026-04-23T18:25:49.744Z - [WATCHER]: Processing file changes in outputs
[NX v22.6.5 Daemon Server] - 2026-04-23T18:25:49.796Z - [WATCHER]: Processing file changes in outputs
[NX v22.6.5 Daemon Server] - 2026-04-23T18:25:55.453Z - Established a connection. Number of open connections: 2
[NX v22.6.5 Daemon Server] - 2026-04-23T18:25:55.453Z - Closed a connection. Number of open connections: 1
[NX v22.6.5 Daemon Server] - 2026-04-23T18:25:55.454Z - Established a connection. Number of open connections: 2
[NX v22.6.5 Daemon Server] - 2026-04-23T18:25:55.454Z - Closed a connection. Number of open connections: 1
[NX v22.6.5 Daemon Server] - 2026-04-23T18:25:55.454Z - Established a connection. Number of open connections: 2
[NX v22.6.5 Daemon Client] - 2026-04-23T18:25:55.454Z - [Messenger] Setting up socket listeners
[NX v22.6.5 Daemon Client] - 2026-04-23T18:25:55.455Z - [Messenger] listen() complete
[NX v22.6.5 Daemon Client] - 2026-04-23T18:25:55.455Z - [Messenger] Sending message type: GET_NX_CONSOLE_STATUS
[NX v22.6.5 Daemon Client] - 2026-04-23T18:25:55.456Z - [Messenger] Message sent
[NX v22.6.5 Daemon Server] - 2026-04-23T18:25:55.557Z - Received raw message of length 32
[NX v22.6.5 Daemon Server] - 2026-04-23T18:25:55.557Z - Received json message of type GET_NX_CONSOLE_STATUS
[NX v22.6.5 Daemon Server] - 2026-04-23T18:25:55.558Z - Serializing response for GET_NX_CONSOLE_STATUS message in json mode
[NX v22.6.5 Daemon Server] - 2026-04-23T18:25:55.558Z - Responding to GET_NX_CONSOLE_STATUS message
[NX v22.6.5 Daemon Server] - 2026-04-23T18:25:55.558Z - [REQUEST]: Responding to the client. handleGetNxConsoleStatus
[NX v22.6.5 Daemon Server] - 2026-04-23T18:25:55.558Z - Done responding to the client handleGetNxConsoleStatus
[NX v22.6.5 Daemon Server] - 2026-04-23T18:25:55.558Z - Handled json message GET_NX_CONSOLE_STATUS. Handling time: 0. Response time: 0.
[NX v22.6.5 Daemon Client] - 2026-04-23T18:25:55.558Z - [Messenger] Received message, length: 22
[NX v22.6.5 Daemon Client] - 2026-04-23T18:25:55.585Z - [Messenger] Sending message type: REQUEST_PROJECT_GRAPH
[NX v22.6.5 Daemon Client] - 2026-04-23T18:25:55.586Z - [Messenger] Message sent
[NX v22.6.5 Daemon Server] - 2026-04-23T18:25:55.586Z - Received raw message of length 32
[NX v22.6.5 Daemon Server] - 2026-04-23T18:25:55.586Z - Received json message of type REQUEST_PROJECT_GRAPH
[NX v22.6.5 Daemon Server] - 2026-04-23T18:25:55.586Z - [REQUEST]: Client Request for Project Graph Received
[NX v22.6.5 Daemon Server] - 2026-04-23T18:25:55.587Z - Reusing in-memory cached project graph because no files changed.
[NX v22.6.5 Daemon Server] - 2026-04-23T18:25:55.587Z - Serializing response for REQUEST_PROJECT_GRAPH message in json mode
[NX v22.6.5 Daemon Server] - 2026-04-23T18:25:55.587Z - Responding to REQUEST_PROJECT_GRAPH message
[NX v22.6.5 Daemon Server] - 2026-04-23T18:25:55.587Z - [REQUEST]: Responding to the client. project-graph
[NX v22.6.5 Daemon Server] - 2026-04-23T18:25:55.587Z - Done responding to the client project-graph
[NX v22.6.5 Daemon Server] - 2026-04-23T18:25:55.587Z - Handled json message REQUEST_PROJECT_GRAPH. Handling time: 1. Response time: 0.
[NX v22.6.5 Daemon Server] - 2026-04-23T18:25:55.587Z - Time taken for 'total for creating and serializing project graph' 0.5006580000044778ms
[NX v22.6.5 Daemon Client] - 2026-04-23T18:25:55.587Z - [Messenger] Received message, length: 51092
[NX v22.6.5 Daemon Client] - 2026-04-23T18:25:55.589Z - [Messenger] Sending message type: PRE_TASKS_EXECUTION
[NX v22.6.5 Daemon Client] - 2026-04-23T18:25:55.589Z - [Messenger] Message sent
[NX v22.6.5 Daemon Server] - 2026-04-23T18:25:55.589Z - Received raw message of length 453
[NX v22.6.5 Daemon Server] - 2026-04-23T18:25:55.589Z - Received json message of type PRE_TASKS_EXECUTION
[NX v22.6.5 Daemon Server] - 2026-04-23T18:25:55.589Z - Serializing response for PRE_TASKS_EXECUTION message in json mode
[NX v22.6.5 Daemon Server] - 2026-04-23T18:25:55.589Z - Responding to PRE_TASKS_EXECUTION message
[NX v22.6.5 Daemon Server] - 2026-04-23T18:25:55.589Z - [REQUEST]: Responding to the client. handleRunPreTasksExecution
[NX v22.6.5 Daemon Server] - 2026-04-23T18:25:55.589Z - Done responding to the client handleRunPreTasksExecution
[NX v22.6.5 Daemon Server] - 2026-04-23T18:25:55.589Z - Handled json message PRE_TASKS_EXECUTION. Handling time: 0. Response time: 0.
[NX v22.6.5 Daemon Server] - 2026-04-23T18:25:55.590Z - Time taken for 'preTasksExecution' 0.15956400000141002ms
[NX v22.6.5 Daemon Client] - 2026-04-23T18:25:55.589Z - [Messenger] Received message, length: 2
[NX v22.6.5 Daemon Client] - 2026-04-23T18:25:55.601Z - [Messenger] Sending message type: HASH_TASKS
[NX v22.6.5 Daemon Client] - 2026-04-23T18:25:55.602Z - [Messenger] Message sent
[NX v22.6.5 Daemon Server] - 2026-04-23T18:25:55.602Z - Received raw message of length 6773
[NX v22.6.5 Daemon Server] - 2026-04-23T18:25:55.602Z - Received json message of type HASH_TASKS
[NX v22.6.5 Daemon Server] - 2026-04-23T18:25:55.602Z - Reusing in-memory cached project graph because no files changed.
DEBUG nx::native::tasks::hash_planner: get_plans_internal COMPLETED in 192.364µs - processed 2 tasks (setup: 67.725µs, parallel_planning: 123.08µs)
DEBUG nx::native::tasks::hashers::hash_workspace_files: Hashing workspace fileset with inputs: Adding "14131790413828198662" (".gitignore") to hash
DEBUG nx::native::tasks::hashers::hash_workspace_files: Hashing workspace fileset with inputs: Adding "14131790413828198662" (".gitignore") to hash
DEBUG nx::native::tasks::hashers::hash_workspace_files: Hashing workspace fileset with inputs: Adding "16065994131877946731" ("nx.json") to hash
DEBUG nx::native::tasks::hashers::hash_workspace_files: Hashing workspace fileset with inputs: Adding "16065994131877946731" ("nx.json") to hash
DEBUG nx::native::tasks::hashers::hash_workspace_files: Hashing workspace fileset with inputs: Hash Value: "9147741371145341845"
DEBUG nx::native::tasks::hashers::hash_workspace_files: Hashing workspace fileset with inputs: Hash Value: "9147741371145341845"
DEBUG nx::native::tasks::task_hasher: hash_plans COMPLETED in 346.395µs - processed 2 plans (setup: 29.32µs, hashing: 316.038µs, assembly: 31.039µs)
[NX v22.6.5 Daemon Server] - 2026-04-23T18:25:55.604Z - Serializing response for HASH_TASKS message in json mode
[NX v22.6.5 Daemon Server] - 2026-04-23T18:25:55.604Z - Responding to HASH_TASKS message
[NX v22.6.5 Daemon Server] - 2026-04-23T18:25:55.604Z - [REQUEST]: Responding to the client. handleHashTasks
[NX v22.6.5 Daemon Server] - 2026-04-23T18:25:55.604Z - Done responding to the client handleHashTasks
[NX v22.6.5 Daemon Server] - 2026-04-23T18:25:55.604Z - Handled json message HASH_TASKS. Handling time: 2. Response time: 0.
[NX v22.6.5 Daemon Client] - 2026-04-23T18:25:55.605Z - [Messenger] Received message, length: 1111
[NX v22.6.5 Daemon Client] - 2026-04-23T18:25:55.611Z - [Messenger] Sending message type: GET_ESTIMATED_TASK_TIMINGS
[NX v22.6.5 Daemon Client] - 2026-04-23T18:25:55.611Z - [Messenger] Message sent
[NX v22.6.5 Daemon Server] - 2026-04-23T18:25:55.611Z - Received raw message of length 124
[NX v22.6.5 Daemon Server] - 2026-04-23T18:25:55.611Z - Received json message of type GET_ESTIMATED_TASK_TIMINGS
[NX v22.6.5 Daemon Server] - 2026-04-23T18:25:55.611Z - Serializing response for GET_ESTIMATED_TASK_TIMINGS message in json mode
[NX v22.6.5 Daemon Server] - 2026-04-23T18:25:55.611Z - Responding to GET_ESTIMATED_TASK_TIMINGS message
[NX v22.6.5 Daemon Server] - 2026-04-23T18:25:55.611Z - [REQUEST]: Responding to the client. handleGetEstimatedTaskTimings
[NX v22.6.5 Daemon Server] - 2026-04-23T18:25:55.611Z - Done responding to the client handleGetEstimatedTaskTimings
[NX v22.6.5 Daemon Server] - 2026-04-23T18:25:55.611Z - Handled json message GET_ESTIMATED_TASK_TIMINGS. Handling time: 0. Response time: 0.
[NX v22.6.5 Daemon Client] - 2026-04-23T18:25:55.611Z - [Messenger] Received message, length: 2
[NX v22.6.5 Daemon Client] - 2026-04-23T18:25:55.942Z - [Messenger] Sending message type: RECORD_OUTPUTS_HASH
[NX v22.6.5 Daemon Client] - 2026-04-23T18:25:55.942Z - [Messenger] Message sent
[NX v22.6.5 Daemon Server] - 2026-04-23T18:25:55.942Z - Received raw message of length 81
[NX v22.6.5 Daemon Server] - 2026-04-23T18:25:55.943Z - Received json message of type RECORD_OUTPUTS_HASH
[NX v22.6.5 Daemon Server] - 2026-04-23T18:25:55.943Z - Serializing response for RECORD_OUTPUTS_HASH message in json mode
[NX v22.6.5 Daemon Server] - 2026-04-23T18:25:55.943Z - Responding to RECORD_OUTPUTS_HASH message
[NX v22.6.5 Daemon Server] - 2026-04-23T18:25:55.943Z - [REQUEST]: Responding to the client. recordOutputsHash
[NX v22.6.5 Daemon Server] - 2026-04-23T18:25:55.943Z - Done responding to the client recordOutputsHash
[NX v22.6.5 Daemon Server] - 2026-04-23T18:25:55.943Z - Handled json message RECORD_OUTPUTS_HASH. Handling time: 0. Response time: 0.
[NX v22.6.5 Daemon Client] - 2026-04-23T18:25:55.943Z - [Messenger] Received message, length: 2
[NX v22.6.5 Daemon Client] - 2026-04-23T18:26:07.230Z - [Messenger] Sending message type: RECORD_TASK_RUNS
[NX v22.6.5 Daemon Client] - 2026-04-23T18:26:07.230Z - [Messenger] Message sent
[NX v22.6.5 Daemon Server] - 2026-04-23T18:26:07.231Z - Received raw message of length 371
[NX v22.6.5 Daemon Server] - 2026-04-23T18:26:07.231Z - Received json message of type RECORD_TASK_RUNS
[NX v22.6.5 Daemon Server] - 2026-04-23T18:26:07.232Z - Serializing response for RECORD_TASK_RUNS message in json mode
[NX v22.6.5 Daemon Server] - 2026-04-23T18:26:07.233Z - Responding to RECORD_TASK_RUNS message
[NX v22.6.5 Daemon Server] - 2026-04-23T18:26:07.233Z - [REQUEST]: Responding to the client. handleRecordTaskRuns
[NX v22.6.5 Daemon Server] - 2026-04-23T18:26:07.233Z - Done responding to the client handleRecordTaskRuns
[NX v22.6.5 Daemon Server] - 2026-04-23T18:26:07.233Z - Handled json message RECORD_TASK_RUNS. Handling time: 1. Response time: 1.
[NX v22.6.5 Daemon Client] - 2026-04-23T18:26:07.233Z - [Messenger] Received message, length: 4
[NX v22.6.5 Daemon Client] - 2026-04-23T18:26:07.234Z - [Messenger] Sending message type: GET_CONFIGURE_AI_AGENTS_STATUS
[NX v22.6.5 Daemon Server] - 2026-04-23T18:26:07.233Z - Established a connection. Number of open connections: 3
[NX v22.6.5 Daemon Client] - 2026-04-23T18:26:07.234Z - [Messenger] Message sent
[NX v22.6.5 Daemon Server] - 2026-04-23T18:26:07.234Z - Received raw message of length 41
[NX v22.6.5 Daemon Server] - 2026-04-23T18:26:07.234Z - Received json message of type GET_CONFIGURE_AI_AGENTS_STATUS
[NX v22.6.5 Daemon Server] - 2026-04-23T18:26:07.234Z - [AI-AGENTS]: Returning cached agent configuration status
[NX v22.6.5 Daemon Server] - 2026-04-23T18:26:07.234Z - Serializing response for GET_CONFIGURE_AI_AGENTS_STATUS message in json mode
[NX v22.6.5 Daemon Server] - 2026-04-23T18:26:07.234Z - Responding to GET_CONFIGURE_AI_AGENTS_STATUS message
[NX v22.6.5 Daemon Server] - 2026-04-23T18:26:07.234Z - [REQUEST]: Responding to the client. handleGetConfigureAiAgentsStatus
[NX v22.6.5 Daemon Server] - 2026-04-23T18:26:07.235Z - Done responding to the client handleGetConfigureAiAgentsStatus
[NX v22.6.5 Daemon Server] - 2026-04-23T18:26:07.235Z - Handled json message GET_CONFIGURE_AI_AGENTS_STATUS. Handling time: 0. Response time: 1.
[NX v22.6.5 Daemon Client] - 2026-04-23T18:26:07.235Z - [Messenger] Received message, length: 341
[NX v22.6.5 Daemon Server] - 2026-04-23T18:26:07.235Z - Closed a connection. Number of open connections: 2
[NX v22.6.5 Daemon Client] - 2026-04-23T18:26:07.236Z - [Messenger] Sending message type: POST_TASKS_EXECUTION
[NX v22.6.5 Daemon Client] - 2026-04-23T18:26:07.236Z - [Messenger] Message sent
[NX v22.6.5 Daemon Server] - 2026-04-23T18:26:07.236Z - Received raw message of length 4713
[NX v22.6.5 Daemon Server] - 2026-04-23T18:26:07.236Z - Received json message of type POST_TASKS_EXECUTION
[NX v22.6.5 Daemon Server] - 2026-04-23T18:26:07.237Z - Serializing response for POST_TASKS_EXECUTION message in json mode
[NX v22.6.5 Daemon Server] - 2026-04-23T18:26:07.237Z - Responding to POST_TASKS_EXECUTION message
[NX v22.6.5 Daemon Server] - 2026-04-23T18:26:07.237Z - [REQUEST]: Responding to the client. handleRunPostTasksExecution
[NX v22.6.5 Daemon Server] - 2026-04-23T18:26:07.237Z - Done responding to the client handleRunPostTasksExecution
[NX v22.6.5 Daemon Server] - 2026-04-23T18:26:07.237Z - Handled json message POST_TASKS_EXECUTION. Handling time: 0. Response time: 0.
[NX v22.6.5 Daemon Server] - 2026-04-23T18:26:07.237Z - Time taken for 'postTasksExecution' 0.15391099997214042ms
[NX v22.6.5 Daemon Client] - 2026-04-23T18:26:07.237Z - [Messenger] Received message, length: 4
[NX v22.6.5 Daemon Server] - 2026-04-23T18:26:07.254Z - Closed a connection. Number of open connections: 1
[NX v22.6.5 Daemon Server] - 2026-04-23T18:26:18.196Z - [WATCHER]: Processing file changes in outputs
[NX v22.6.5 Daemon Server] - 2026-04-23T18:26:18.196Z - [WATCHER]: node-backend/src/routes/orders.ts was modified
[NX v22.6.5 Daemon Server] - 2026-04-23T18:26:18.196Z - [SYNC]: clearing sync generators cache due to file changes
[NX v22.6.5 Daemon Server] - 2026-04-23T18:26:18.297Z - [REQUEST]: Updated workspace context based on watched changes, recomputing project graph...
[NX v22.6.5 Daemon Server] - 2026-04-23T18:26:18.298Z - [REQUEST]: node-backend/src/routes/orders.ts
[NX v22.6.5 Daemon Server] - 2026-04-23T18:26:18.298Z - [REQUEST]: 
[NX v22.6.5 Daemon Server] - 2026-04-23T18:26:18.317Z - Time taken for 'hash changed files from watcher' 0.27160799998091534ms
Time taken for 'plugin worker 76655 code loading' 94.43838600000001ms
[NX v22.6.5 Daemon Server] - 2026-04-23T18:26:18.426Z - Time taken for 'start-plugin-worker:nx/js/dependencies-and-lockfile' 127.67545700000483ms
Time taken for 'plugin worker 76664 code loading' 93.968936ms
Time taken for 'plugin worker 76657 code loading' 110.010483ms
[NX v22.6.5 Daemon Server] - 2026-04-23T18:26:18.448Z - Time taken for 'start-plugin-worker:nx/core/package-json' 142.7955699999875ms
[NX v22.6.5 Daemon Server] - 2026-04-23T18:26:18.448Z - Time taken for 'start-plugin-worker:nx/core/project-json' 136.70932499997434ms
Time taken for 'nx/js/dependencies-and-lockfile:createNodes' 1.3340989999999806ms
[NX v22.6.5 Daemon Server] - 2026-04-23T18:26:18.488Z - Time taken for 'build-project-configs' 187.03168500002357ms
[NX v22.6.5 Daemon Server] - 2026-04-23T18:26:18.488Z - Time taken for 'createNodes:merge' 0.6921629999997094ms
[NX v22.6.5 Daemon Server] - 2026-04-23T18:26:18.488Z - Time taken for 'get-all-workspace-files' 0.06297800000174902ms
[NX v22.6.5 Daemon Server] - 2026-04-23T18:26:18.492Z - [SYNC]: collect registered sync generators
[NX v22.6.5 Daemon Server] - 2026-04-23T18:26:18.493Z - [SYNC]: project graph hash is the same, not collecting task sync generators
[NX v22.6.5 Daemon Server] - 2026-04-23T18:26:18.493Z - [SYNC]: nx.json hash is the same, not collecting global sync generators
[NX v22.6.5 Daemon Server] - 2026-04-23T18:26:18.493Z - Time taken for 'total execution time for createProjectGraph()' 6.486494000011589ms
[NX v22.6.5 Daemon Server] - 2026-04-23T18:26:18.493Z - Time taken for 'createDependencies' 5.583156000007875ms
[NX v22.6.5 Daemon Server] - 2026-04-23T18:26:18.493Z - Time taken for 'nx/js/dependencies-and-lockfile:createDependencies' 5.452771000011126ms
[NX v22.6.5 Daemon Server] - 2026-04-23T18:26:18.493Z - Time taken for 'createMetadata' 0.041209999995771796ms
[NX v22.6.5 Daemon Server] - 2026-04-23T18:26:18.493Z - Time taken for 'serialize graph' 0.23195600000326522ms
[NX v22.6.5 Daemon Server] - 2026-04-23T18:26:29.246Z - [WATCHER]: Processing file changes in outputs
[NX v22.6.5 Daemon Server] - 2026-04-23T18:26:29.297Z - [WATCHER]: Processing file changes in outputs
[NX v22.6.5 Daemon Server] - 2026-04-23T18:26:55.260Z - [WATCHER]: Processing file changes in outputs
[NX v22.6.5 Daemon Server] - 2026-04-23T18:26:55.260Z - [WATCHER]: node-backend/src/routes/orders.ts was modified
[NX v22.6.5 Daemon Server] - 2026-04-23T18:26:55.260Z - [SYNC]: clearing sync generators cache due to file changes
[NX v22.6.5 Daemon Server] - 2026-04-23T18:26:55.461Z - [REQUEST]: Updated workspace context based on watched changes, recomputing project graph...
[NX v22.6.5 Daemon Server] - 2026-04-23T18:26:55.461Z - [REQUEST]: node-backend/src/routes/orders.ts
[NX v22.6.5 Daemon Server] - 2026-04-23T18:26:55.461Z - [REQUEST]: 
[NX v22.6.5 Daemon Server] - 2026-04-23T18:26:55.478Z - Time taken for 'hash changed files from watcher' 0.3391280000214465ms
[NX v22.6.5 Daemon Server] - 2026-04-23T18:26:55.573Z - Time taken for 'start-plugin-worker:nx/js/dependencies-and-lockfile' 110.49090699997032ms
Time taken for 'plugin worker 77033 code loading' 77.102221ms
Time taken for 'plugin worker 77032 code loading' 77.471308ms
[NX v22.6.5 Daemon Server] - 2026-04-23T18:26:55.582Z - Time taken for 'start-plugin-worker:nx/core/package-json' 110.34423500002595ms
Time taken for 'plugin worker 77039 code loading' 79.503403ms
[NX v22.6.5 Daemon Server] - 2026-04-23T18:26:55.584Z - Time taken for 'start-plugin-worker:nx/core/project-json' 108.6293439999572ms
Time taken for 'nx/js/dependencies-and-lockfile:createNodes' 1.742416999999989ms
[NX v22.6.5 Daemon Server] - 2026-04-23T18:26:55.619Z - Time taken for 'build-project-configs' 155.10508700000355ms
[NX v22.6.5 Daemon Server] - 2026-04-23T18:26:55.619Z - Time taken for 'createNodes:merge' 0.484775000018999ms
[NX v22.6.5 Daemon Server] - 2026-04-23T18:26:55.619Z - Time taken for 'get-all-workspace-files' 0.06766900001093745ms
[NX v22.6.5 Daemon Server] - 2026-04-23T18:26:55.622Z - [SYNC]: collect registered sync generators
[NX v22.6.5 Daemon Server] - 2026-04-23T18:26:55.622Z - [SYNC]: project graph hash is the same, not collecting task sync generators
[NX v22.6.5 Daemon Server] - 2026-04-23T18:26:55.622Z - [SYNC]: nx.json hash is the same, not collecting global sync generators
[NX v22.6.5 Daemon Server] - 2026-04-23T18:26:55.622Z - Time taken for 'total execution time for createProjectGraph()' 4.362742000026628ms
[NX v22.6.5 Daemon Server] - 2026-04-23T18:26:55.622Z - Time taken for 'createDependencies' 3.368711000017356ms
[NX v22.6.5 Daemon Server] - 2026-04-23T18:26:55.622Z - Time taken for 'nx/js/dependencies-and-lockfile:createDependencies' 3.2666619999799877ms
[NX v22.6.5 Daemon Server] - 2026-04-23T18:26:55.622Z - Time taken for 'createMetadata' 0.020169999974314123ms
[NX v22.6.5 Daemon Server] - 2026-04-23T18:26:55.622Z - Time taken for 'serialize graph' 0.2681250000023283ms
[NX v22.6.5 Daemon Server] - 2026-04-23T18:27:00.786Z - [WATCHER]: ui/src/api/client.ts was modified
[NX v22.6.5 Daemon Server] - 2026-04-23T18:27:00.786Z - [SYNC]: clearing sync generators cache due to file changes
[NX v22.6.5 Daemon Server] - 2026-04-23T18:27:00.786Z - [WATCHER]: Processing file changes in outputs
[NX v22.6.5 Daemon Server] - 2026-04-23T18:27:01.186Z - [REQUEST]: Updated workspace context based on watched changes, recomputing project graph...
[NX v22.6.5 Daemon Server] - 2026-04-23T18:27:01.186Z - [REQUEST]: ui/src/api/client.ts
[NX v22.6.5 Daemon Server] - 2026-04-23T18:27:01.186Z - [REQUEST]: 
[NX v22.6.5 Daemon Server] - 2026-04-23T18:27:01.202Z - Time taken for 'hash changed files from watcher' 0.2405630000284873ms
Time taken for 'plugin worker 77172 code loading' 70.478567ms
[NX v22.6.5 Daemon Server] - 2026-04-23T18:27:01.288Z - Time taken for 'start-plugin-worker:nx/js/dependencies-and-lockfile' 99.79313700000057ms
Time taken for 'plugin worker 77173 code loading' 72.21613400000001ms
Time taken for 'plugin worker 77179 code loading' 73.273934ms
[NX v22.6.5 Daemon Server] - 2026-04-23T18:27:01.302Z - Time taken for 'start-plugin-worker:nx/core/package-json' 106.92224700003862ms
[NX v22.6.5 Daemon Server] - 2026-04-23T18:27:01.302Z - Time taken for 'start-plugin-worker:nx/core/project-json' 102.89208300004248ms
Time taken for 'nx/js/dependencies-and-lockfile:createNodes' 2.6664559999999966ms
[NX v22.6.5 Daemon Server] - 2026-04-23T18:27:01.338Z - Time taken for 'build-project-configs' 149.8203719999874ms
[NX v22.6.5 Daemon Server] - 2026-04-23T18:27:01.338Z - Time taken for 'createNodes:merge' 0.4156690000090748ms
[NX v22.6.5 Daemon Server] - 2026-04-23T18:27:01.338Z - Time taken for 'get-all-workspace-files' 0.06309900002088398ms
[NX v22.6.5 Daemon Server] - 2026-04-23T18:27:01.342Z - [SYNC]: collect registered sync generators
[NX v22.6.5 Daemon Server] - 2026-04-23T18:27:01.342Z - [SYNC]: project graph hash is the same, not collecting task sync generators
[NX v22.6.5 Daemon Server] - 2026-04-23T18:27:01.342Z - [SYNC]: nx.json hash is the same, not collecting global sync generators
[NX v22.6.5 Daemon Server] - 2026-04-23T18:27:01.342Z - Time taken for 'total execution time for createProjectGraph()' 4.345407000044361ms
[NX v22.6.5 Daemon Server] - 2026-04-23T18:27:01.342Z - Time taken for 'createDependencies' 3.5176180000416934ms
[NX v22.6.5 Daemon Server] - 2026-04-23T18:27:01.342Z - Time taken for 'nx/js/dependencies-and-lockfile:createDependencies' 3.4416390000260435ms
[NX v22.6.5 Daemon Server] - 2026-04-23T18:27:01.342Z - Time taken for 'createMetadata' 0.02144899999257177ms
[NX v22.6.5 Daemon Server] - 2026-04-23T18:27:01.342Z - Time taken for 'serialize graph' 0.3024740000255406ms
[NX v22.6.5 Daemon Client] - 2026-04-23T18:27:05.059Z - [Messenger] Sending message type: RECORD_TASK_RUNS
[NX v22.6.5 Daemon Client] - 2026-04-23T18:27:05.059Z - [Messenger] Message sent
[NX v22.6.5 Daemon Server] - 2026-04-23T18:27:05.059Z - Received raw message of length 371
[NX v22.6.5 Daemon Server] - 2026-04-23T18:27:05.059Z - Received json message of type RECORD_TASK_RUNS
[NX v22.6.5 Daemon Server] - 2026-04-23T18:27:05.065Z - Serializing response for RECORD_TASK_RUNS message in json mode
[NX v22.6.5 Daemon Server] - 2026-04-23T18:27:05.065Z - Responding to RECORD_TASK_RUNS message
[NX v22.6.5 Daemon Server] - 2026-04-23T18:27:05.065Z - [REQUEST]: Responding to the client. handleRecordTaskRuns
[NX v22.6.5 Daemon Server] - 2026-04-23T18:27:05.065Z - Done responding to the client handleRecordTaskRuns
[NX v22.6.5 Daemon Server] - 2026-04-23T18:27:05.066Z - Handled json message RECORD_TASK_RUNS. Handling time: 6. Response time: 1.
[NX v22.6.5 Daemon Client] - 2026-04-23T18:27:05.066Z - [Messenger] Received message, length: 4
[NX v22.6.5 Daemon Server] - 2026-04-23T18:27:05.076Z - Established a connection. Number of open connections: 2
[NX v22.6.5 Daemon Client] - 2026-04-23T18:27:05.076Z - [Messenger] Sending message type: GET_CONFIGURE_AI_AGENTS_STATUS
[NX v22.6.5 Daemon Client] - 2026-04-23T18:27:05.076Z - [Messenger] Message sent
[NX v22.6.5 Daemon Server] - 2026-04-23T18:27:05.076Z - Closed a connection. Number of open connections: 1
[NX v22.6.5 Daemon Server] - 2026-04-23T18:27:05.076Z - Received raw message of length 41
[NX v22.6.5 Daemon Server] - 2026-04-23T18:27:05.076Z - Received json message of type GET_CONFIGURE_AI_AGENTS_STATUS
[NX v22.6.5 Daemon Server] - 2026-04-23T18:27:05.077Z - [AI-AGENTS]: Returning cached agent configuration status
[NX v22.6.5 Daemon Server] - 2026-04-23T18:27:05.077Z - Serializing response for GET_CONFIGURE_AI_AGENTS_STATUS message in json mode
[NX v22.6.5 Daemon Server] - 2026-04-23T18:27:05.077Z - Responding to GET_CONFIGURE_AI_AGENTS_STATUS message
[NX v22.6.5 Daemon Server] - 2026-04-23T18:27:05.077Z - [REQUEST]: Responding to the client. handleGetConfigureAiAgentsStatus
[NX v22.6.5 Daemon Server] - 2026-04-23T18:27:05.077Z - Done responding to the client handleGetConfigureAiAgentsStatus
[NX v22.6.5 Daemon Server] - 2026-04-23T18:27:05.077Z - Handled json message GET_CONFIGURE_AI_AGENTS_STATUS. Handling time: 0. Response time: 0.
[NX v22.6.5 Daemon Client] - 2026-04-23T18:27:05.077Z - [Messenger] Received message, length: 341
[NX v22.6.5 Daemon Client] - 2026-04-23T18:27:05.079Z - [Messenger] Sending message type: POST_TASKS_EXECUTION
[NX v22.6.5 Daemon Client] - 2026-04-23T18:27:05.079Z - [Messenger] Message sent
[NX v22.6.5 Daemon Server] - 2026-04-23T18:27:05.079Z - Received raw message of length 20789
[NX v22.6.5 Daemon Server] - 2026-04-23T18:27:05.079Z - Received json message of type POST_TASKS_EXECUTION
[NX v22.6.5 Daemon Server] - 2026-04-23T18:27:05.080Z - Serializing response for POST_TASKS_EXECUTION message in json mode
[NX v22.6.5 Daemon Server] - 2026-04-23T18:27:05.080Z - Responding to POST_TASKS_EXECUTION message
[NX v22.6.5 Daemon Server] - 2026-04-23T18:27:05.080Z - [REQUEST]: Responding to the client. handleRunPostTasksExecution
[NX v22.6.5 Daemon Server] - 2026-04-23T18:27:05.080Z - Done responding to the client handleRunPostTasksExecution
[NX v22.6.5 Daemon Server] - 2026-04-23T18:27:05.080Z - Handled json message POST_TASKS_EXECUTION. Handling time: 1. Response time: 0.
[NX v22.6.5 Daemon Server] - 2026-04-23T18:27:05.080Z - Time taken for 'postTasksExecution' 0.22484400001121685ms
[NX v22.6.5 Daemon Client] - 2026-04-23T18:27:05.080Z - [Messenger] Received message, length: 4
[NX v22.6.5 Daemon Server] - 2026-04-23T18:27:05.098Z - Closed a connection. Number of open connections: 0
[NX v22.6.5 Daemon Server] - 2026-04-23T18:27:05.108Z - [WATCHER]: .playwright-cli/console-2026-04-23T17-08-50-042Z.log was modified
[NX v22.6.5 Daemon Server] - 2026-04-23T18:27:05.108Z - [SYNC]: clearing sync generators cache due to file changes
[NX v22.6.5 Daemon Server] - 2026-04-23T18:27:05.108Z - [WATCHER]: Processing file changes in outputs
[NX v22.6.5 Daemon Server] - 2026-04-23T18:27:05.871Z - [WATCHER]: Processing file changes in outputs
[NX v22.6.5 Daemon Server] - 2026-04-23T18:27:05.909Z - [REQUEST]: Updated workspace context based on watched changes, recomputing project graph...
[NX v22.6.5 Daemon Server] - 2026-04-23T18:27:05.909Z - [REQUEST]: .playwright-cli/console-2026-04-23T17-08-50-042Z.log
[NX v22.6.5 Daemon Server] - 2026-04-23T18:27:05.909Z - [REQUEST]: 
[NX v22.6.5 Daemon Server] - 2026-04-23T18:27:05.919Z - Time taken for 'hash changed files from watcher' 0.15689699997892603ms
[NX v22.6.5 Daemon Server] - 2026-04-23T18:27:05.922Z - [WATCHER]: Processing file changes in outputs
Time taken for 'plugin worker 77287 code loading' 59.703801999999996ms
[NX v22.6.5 Daemon Server] - 2026-04-23T18:27:05.993Z - Time taken for 'start-plugin-worker:nx/js/dependencies-and-lockfile' 83.82305399997858ms
Time taken for 'plugin worker 77296 code loading' 65.86578300000001ms
[NX v22.6.5 Daemon Server] - 2026-04-23T18:27:06.011Z - Time taken for 'start-plugin-worker:nx/core/project-json' 95.58126599999378ms
Time taken for 'plugin worker 77289 code loading' 78.266126ms
Time taken for 'nx/js/dependencies-and-lockfile:createNodes' 1.1490790000000004ms
[NX v22.6.5 Daemon Server] - 2026-04-23T18:27:06.027Z - Time taken for 'start-plugin-worker:nx/core/package-json' 114.12706900003832ms
[NX v22.6.5 Daemon Server] - 2026-04-23T18:27:06.066Z - Time taken for 'build-project-configs' 156.29360799997812ms
[NX v22.6.5 Daemon Server] - 2026-04-23T18:27:06.066Z - Time taken for 'createNodes:merge' 0.24940800003241748ms
[NX v22.6.5 Daemon Server] - 2026-04-23T18:27:06.066Z - Time taken for 'get-all-workspace-files' 0.0679789999849163ms
[NX v22.6.5 Daemon Server] - 2026-04-23T18:27:06.068Z - [SYNC]: collect registered sync generators
[NX v22.6.5 Daemon Server] - 2026-04-23T18:27:06.068Z - [SYNC]: project graph hash is the same, not collecting task sync generators
[NX v22.6.5 Daemon Server] - 2026-04-23T18:27:06.068Z - [SYNC]: nx.json hash is the same, not collecting global sync generators
[NX v22.6.5 Daemon Server] - 2026-04-23T18:27:06.068Z - Time taken for 'total execution time for createProjectGraph()' 2.341041999985464ms
[NX v22.6.5 Daemon Server] - 2026-04-23T18:27:06.068Z - Time taken for 'createDependencies' 1.8310569999739528ms
[NX v22.6.5 Daemon Server] - 2026-04-23T18:27:06.068Z - Time taken for 'nx/js/dependencies-and-lockfile:createDependencies' 1.7844940000213683ms
[NX v22.6.5 Daemon Server] - 2026-04-23T18:27:06.068Z - Time taken for 'createMetadata' 0.013642000034451485ms
[NX v22.6.5 Daemon Server] - 2026-04-23T18:27:06.068Z - Time taken for 'serialize graph' 0.14307500002905726ms
[NX v22.6.5 Daemon Server] - 2026-04-23T18:27:12.081Z - Established a connection. Number of open connections: 1
[NX v22.6.5 Daemon Server] - 2026-04-23T18:27:12.081Z - Closed a connection. Number of open connections: 0
[NX v22.6.5 Daemon Server] - 2026-04-23T18:27:12.082Z - Established a connection. Number of open connections: 1
[NX v22.6.5 Daemon Server] - 2026-04-23T18:27:12.082Z - Closed a connection. Number of open connections: 0
[NX v22.6.5 Daemon Server] - 2026-04-23T18:27:12.082Z - Established a connection. Number of open connections: 1
[NX v22.6.5 Daemon Client] - 2026-04-23T18:27:12.082Z - [Messenger] Setting up socket listeners
[NX v22.6.5 Daemon Client] - 2026-04-23T18:27:12.082Z - [Messenger] listen() complete
[NX v22.6.5 Daemon Client] - 2026-04-23T18:27:12.083Z - [Messenger] Sending message type: GET_NX_CONSOLE_STATUS
[NX v22.6.5 Daemon Client] - 2026-04-23T18:27:12.083Z - [Messenger] Message sent
[NX v22.6.5 Daemon Server] - 2026-04-23T18:27:12.184Z - Received raw message of length 32
[NX v22.6.5 Daemon Server] - 2026-04-23T18:27:12.184Z - Received json message of type GET_NX_CONSOLE_STATUS
[NX v22.6.5 Daemon Server] - 2026-04-23T18:27:12.184Z - Serializing response for GET_NX_CONSOLE_STATUS message in json mode
[NX v22.6.5 Daemon Server] - 2026-04-23T18:27:12.184Z - Responding to GET_NX_CONSOLE_STATUS message
[NX v22.6.5 Daemon Server] - 2026-04-23T18:27:12.184Z - [REQUEST]: Responding to the client. handleGetNxConsoleStatus
[NX v22.6.5 Daemon Server] - 2026-04-23T18:27:12.184Z - Done responding to the client handleGetNxConsoleStatus
[NX v22.6.5 Daemon Server] - 2026-04-23T18:27:12.184Z - Handled json message GET_NX_CONSOLE_STATUS. Handling time: 0. Response time: 0.
[NX v22.6.5 Daemon Client] - 2026-04-23T18:27:12.184Z - [Messenger] Received message, length: 22
[NX v22.6.5 Daemon Client] - 2026-04-23T18:27:12.207Z - [Messenger] Sending message type: REQUEST_PROJECT_GRAPH
[NX v22.6.5 Daemon Client] - 2026-04-23T18:27:12.207Z - [Messenger] Message sent
[NX v22.6.5 Daemon Server] - 2026-04-23T18:27:12.207Z - Received raw message of length 32
[NX v22.6.5 Daemon Server] - 2026-04-23T18:27:12.207Z - Received json message of type REQUEST_PROJECT_GRAPH
[NX v22.6.5 Daemon Server] - 2026-04-23T18:27:12.207Z - [REQUEST]: Client Request for Project Graph Received
[NX v22.6.5 Daemon Server] - 2026-04-23T18:27:12.207Z - Reusing in-memory cached project graph because no files changed.
[NX v22.6.5 Daemon Server] - 2026-04-23T18:27:12.207Z - Serializing response for REQUEST_PROJECT_GRAPH message in json mode
[NX v22.6.5 Daemon Server] - 2026-04-23T18:27:12.207Z - Responding to REQUEST_PROJECT_GRAPH message
[NX v22.6.5 Daemon Server] - 2026-04-23T18:27:12.207Z - [REQUEST]: Responding to the client. project-graph
[NX v22.6.5 Daemon Server] - 2026-04-23T18:27:12.207Z - Done responding to the client project-graph
[NX v22.6.5 Daemon Server] - 2026-04-23T18:27:12.207Z - Handled json message REQUEST_PROJECT_GRAPH. Handling time: 0. Response time: 0.
[NX v22.6.5 Daemon Server] - 2026-04-23T18:27:12.207Z - Time taken for 'total for creating and serializing project graph' 0.20386300003156066ms
[NX v22.6.5 Daemon Client] - 2026-04-23T18:27:12.209Z - [Messenger] Received message, length: 51092
[NX v22.6.5 Daemon Client] - 2026-04-23T18:27:12.210Z - [Messenger] Sending message type: PRE_TASKS_EXECUTION
[NX v22.6.5 Daemon Client] - 2026-04-23T18:27:12.211Z - [Messenger] Message sent
[NX v22.6.5 Daemon Server] - 2026-04-23T18:27:12.211Z - Received raw message of length 454
[NX v22.6.5 Daemon Server] - 2026-04-23T18:27:12.211Z - Received json message of type PRE_TASKS_EXECUTION
[NX v22.6.5 Daemon Server] - 2026-04-23T18:27:12.211Z - Serializing response for PRE_TASKS_EXECUTION message in json mode
[NX v22.6.5 Daemon Server] - 2026-04-23T18:27:12.211Z - Responding to PRE_TASKS_EXECUTION message
[NX v22.6.5 Daemon Server] - 2026-04-23T18:27:12.211Z - [REQUEST]: Responding to the client. handleRunPreTasksExecution
[NX v22.6.5 Daemon Server] - 2026-04-23T18:27:12.211Z - Done responding to the client handleRunPreTasksExecution
[NX v22.6.5 Daemon Server] - 2026-04-23T18:27:12.211Z - Handled json message PRE_TASKS_EXECUTION. Handling time: 0. Response time: 0.
[NX v22.6.5 Daemon Client] - 2026-04-23T18:27:12.211Z - [Messenger] Received message, length: 2
[NX v22.6.5 Daemon Server] - 2026-04-23T18:27:12.211Z - Time taken for 'preTasksExecution' 0.14591500000096858ms
[NX v22.6.5 Daemon Client] - 2026-04-23T18:27:12.220Z - [Messenger] Sending message type: HASH_TASKS
[NX v22.6.5 Daemon Client] - 2026-04-23T18:27:12.220Z - [Messenger] Message sent
[NX v22.6.5 Daemon Server] - 2026-04-23T18:27:12.220Z - Received raw message of length 6773
[NX v22.6.5 Daemon Server] - 2026-04-23T18:27:12.220Z - Received json message of type HASH_TASKS
[NX v22.6.5 Daemon Server] - 2026-04-23T18:27:12.220Z - Reusing in-memory cached project graph because no files changed.
DEBUG nx::native::tasks::hash_planner: get_plans_internal COMPLETED in 123.86µs - processed 2 tasks (setup: 48.286µs, parallel_planning: 73.861µs)
DEBUG nx::native::tasks::hashers::hash_workspace_files: Hashing workspace fileset with inputs: Adding "14131790413828198662" (".gitignore") to hash
DEBUG nx::native::tasks::hashers::hash_workspace_files: Hashing workspace fileset with inputs: Adding "14131790413828198662" (".gitignore") to hash
DEBUG nx::native::tasks::hashers::hash_workspace_files: Hashing workspace fileset with inputs: Adding "16065994131877946731" ("nx.json") to hash
DEBUG nx::native::tasks::hashers::hash_workspace_files: Hashing workspace fileset with inputs: Adding "16065994131877946731" ("nx.json") to hash
DEBUG nx::native::tasks::hashers::hash_workspace_files: Hashing workspace fileset with inputs: Hash Value: "9147741371145341845"
DEBUG nx::native::tasks::hashers::hash_workspace_files: Hashing workspace fileset with inputs: Hash Value: "9147741371145341845"
DEBUG nx::native::tasks::task_hasher: hash_plans COMPLETED in 214.674µs - processed 2 plans (setup: 19.6µs, hashing: 194.218µs, assembly: 26.711µs)
[NX v22.6.5 Daemon Server] - 2026-04-23T18:27:12.221Z - Serializing response for HASH_TASKS message in json mode
[NX v22.6.5 Daemon Server] - 2026-04-23T18:27:12.221Z - Responding to HASH_TASKS message
[NX v22.6.5 Daemon Server] - 2026-04-23T18:27:12.221Z - [REQUEST]: Responding to the client. handleHashTasks
[NX v22.6.5 Daemon Server] - 2026-04-23T18:27:12.221Z - Done responding to the client handleHashTasks
[NX v22.6.5 Daemon Server] - 2026-04-23T18:27:12.221Z - Handled json message HASH_TASKS. Handling time: 1. Response time: 0.
[NX v22.6.5 Daemon Client] - 2026-04-23T18:27:12.221Z - [Messenger] Received message, length: 1112
[NX v22.6.5 Daemon Client] - 2026-04-23T18:27:12.231Z - [Messenger] Sending message type: GET_ESTIMATED_TASK_TIMINGS
[NX v22.6.5 Daemon Client] - 2026-04-23T18:27:12.231Z - [Messenger] Message sent
[NX v22.6.5 Daemon Server] - 2026-04-23T18:27:12.231Z - Received raw message of length 124
[NX v22.6.5 Daemon Server] - 2026-04-23T18:27:12.231Z - Received json message of type GET_ESTIMATED_TASK_TIMINGS
[NX v22.6.5 Daemon Server] - 2026-04-23T18:27:12.231Z - Serializing response for GET_ESTIMATED_TASK_TIMINGS message in json mode
[NX v22.6.5 Daemon Server] - 2026-04-23T18:27:12.231Z - Responding to GET_ESTIMATED_TASK_TIMINGS message
[NX v22.6.5 Daemon Server] - 2026-04-23T18:27:12.231Z - [REQUEST]: Responding to the client. handleGetEstimatedTaskTimings
[NX v22.6.5 Daemon Server] - 2026-04-23T18:27:12.231Z - Done responding to the client handleGetEstimatedTaskTimings
[NX v22.6.5 Daemon Server] - 2026-04-23T18:27:12.231Z - Handled json message GET_ESTIMATED_TASK_TIMINGS. Handling time: 0. Response time: 0.
[NX v22.6.5 Daemon Client] - 2026-04-23T18:27:12.231Z - [Messenger] Received message, length: 2
[NX v22.6.5 Daemon Client] - 2026-04-23T18:27:12.485Z - [Messenger] Sending message type: RECORD_OUTPUTS_HASH
[NX v22.6.5 Daemon Client] - 2026-04-23T18:27:12.485Z - [Messenger] Message sent
[NX v22.6.5 Daemon Server] - 2026-04-23T18:27:12.485Z - Received raw message of length 81
[NX v22.6.5 Daemon Server] - 2026-04-23T18:27:12.485Z - Received json message of type RECORD_OUTPUTS_HASH
[NX v22.6.5 Daemon Server] - 2026-04-23T18:27:12.485Z - Serializing response for RECORD_OUTPUTS_HASH message in json mode
[NX v22.6.5 Daemon Server] - 2026-04-23T18:27:12.485Z - Responding to RECORD_OUTPUTS_HASH message
[NX v22.6.5 Daemon Server] - 2026-04-23T18:27:12.485Z - [REQUEST]: Responding to the client. recordOutputsHash
[NX v22.6.5 Daemon Server] - 2026-04-23T18:27:12.485Z - Done responding to the client recordOutputsHash
[NX v22.6.5 Daemon Server] - 2026-04-23T18:27:12.485Z - Handled json message RECORD_OUTPUTS_HASH. Handling time: 0. Response time: 0.
[NX v22.6.5 Daemon Client] - 2026-04-23T18:27:12.485Z - [Messenger] Received message, length: 2
[NX v22.6.5 Daemon Server] - 2026-04-23T18:27:13.384Z - [WATCHER]: .playwright-cli/console-2026-04-23T17-08-50-042Z.log was modified
[NX v22.6.5 Daemon Server] - 2026-04-23T18:27:13.384Z - [SYNC]: clearing sync generators cache due to file changes
[NX v22.6.5 Daemon Server] - 2026-04-23T18:27:13.384Z - [WATCHER]: Processing file changes in outputs
[NX v22.6.5 Daemon Server] - 2026-04-23T18:27:13.486Z - [REQUEST]: Updated workspace context based on watched changes, recomputing project graph...
[NX v22.6.5 Daemon Server] - 2026-04-23T18:27:13.486Z - [REQUEST]: .playwright-cli/console-2026-04-23T17-08-50-042Z.log
[NX v22.6.5 Daemon Server] - 2026-04-23T18:27:13.486Z - [REQUEST]: 
[NX v22.6.5 Daemon Server] - 2026-04-23T18:27:13.506Z - Time taken for 'hash changed files from watcher' 0.4251100000110455ms
Time taken for 'plugin worker 77536 code loading' 62.939904ms
Time taken for 'plugin worker 77535 code loading' 68.597652ms
[NX v22.6.5 Daemon Server] - 2026-04-23T18:27:13.590Z - Time taken for 'start-plugin-worker:nx/js/dependencies-and-lockfile' 102.62389099999564ms
Time taken for 'plugin worker 77542 code loading' 65.066542ms
[NX v22.6.5 Daemon Server] - 2026-04-23T18:27:13.594Z - Time taken for 'start-plugin-worker:nx/core/package-json' 99.35792699997546ms
[NX v22.6.5 Daemon Server] - 2026-04-23T18:27:13.600Z - Time taken for 'start-plugin-worker:nx/core/project-json' 98.46373600000516ms
Time taken for 'nx/js/dependencies-and-lockfile:createNodes' 1.0257660000000044ms
[NX v22.6.5 Daemon Server] - 2026-04-23T18:27:13.625Z - Time taken for 'build-project-configs' 137.83871899999212ms
[NX v22.6.5 Daemon Server] - 2026-04-23T18:27:13.626Z - Time taken for 'createNodes:merge' 0.22492900001816452ms
[NX v22.6.5 Daemon Server] - 2026-04-23T18:27:13.626Z - Time taken for 'get-all-workspace-files' 0.05290700000477955ms
[NX v22.6.5 Daemon Server] - 2026-04-23T18:27:13.627Z - [SYNC]: collect registered sync generators
[NX v22.6.5 Daemon Server] - 2026-04-23T18:27:13.627Z - [SYNC]: project graph hash is the same, not collecting task sync generators
[NX v22.6.5 Daemon Server] - 2026-04-23T18:27:13.627Z - [SYNC]: nx.json hash is the same, not collecting global sync generators
[NX v22.6.5 Daemon Server] - 2026-04-23T18:27:13.627Z - Time taken for 'total execution time for createProjectGraph()' 2.004367000015918ms
[NX v22.6.5 Daemon Server] - 2026-04-23T18:27:13.627Z - Time taken for 'createDependencies' 1.5391050000325777ms
[NX v22.6.5 Daemon Server] - 2026-04-23T18:27:13.627Z - Time taken for 'nx/js/dependencies-and-lockfile:createDependencies' 1.5038920000079088ms
[NX v22.6.5 Daemon Server] - 2026-04-23T18:27:13.627Z - Time taken for 'createMetadata' 0.008778000017628074ms
[NX v22.6.5 Daemon Server] - 2026-04-23T18:27:13.627Z - Time taken for 'serialize graph' 0.15638299996498972ms
[NX v22.6.5 Daemon Client] - 2026-04-23T18:27:18.937Z - [Messenger] Sending message type: RECORD_TASK_RUNS
[NX v22.6.5 Daemon Client] - 2026-04-23T18:27:18.937Z - [Messenger] Message sent
[NX v22.6.5 Daemon Server] - 2026-04-23T18:27:18.937Z - Received raw message of length 371
[NX v22.6.5 Daemon Server] - 2026-04-23T18:27:18.937Z - Received json message of type RECORD_TASK_RUNS
[NX v22.6.5 Daemon Server] - 2026-04-23T18:27:18.943Z - Serializing response for RECORD_TASK_RUNS message in json mode
[NX v22.6.5 Daemon Server] - 2026-04-23T18:27:18.943Z - Responding to RECORD_TASK_RUNS message
[NX v22.6.5 Daemon Server] - 2026-04-23T18:27:18.943Z - [REQUEST]: Responding to the client. handleRecordTaskRuns
[NX v22.6.5 Daemon Server] - 2026-04-23T18:27:18.943Z - Done responding to the client handleRecordTaskRuns
[NX v22.6.5 Daemon Server] - 2026-04-23T18:27:18.943Z - Handled json message RECORD_TASK_RUNS. Handling time: 6. Response time: 0.
[NX v22.6.5 Daemon Client] - 2026-04-23T18:27:18.943Z - [Messenger] Received message, length: 4
[NX v22.6.5 Daemon Server] - 2026-04-23T18:27:18.944Z - Established a connection. Number of open connections: 2
[NX v22.6.5 Daemon Client] - 2026-04-23T18:27:18.944Z - [Messenger] Sending message type: GET_CONFIGURE_AI_AGENTS_STATUS
[NX v22.6.5 Daemon Client] - 2026-04-23T18:27:18.944Z - [Messenger] Message sent
[NX v22.6.5 Daemon Server] - 2026-04-23T18:27:18.944Z - Closed a connection. Number of open connections: 1
[NX v22.6.5 Daemon Server] - 2026-04-23T18:27:18.944Z - Received raw message of length 41
[NX v22.6.5 Daemon Server] - 2026-04-23T18:27:18.944Z - Received json message of type GET_CONFIGURE_AI_AGENTS_STATUS
[NX v22.6.5 Daemon Server] - 2026-04-23T18:27:18.944Z - [AI-AGENTS]: Returning cached agent configuration status
[NX v22.6.5 Daemon Server] - 2026-04-23T18:27:18.944Z - Serializing response for GET_CONFIGURE_AI_AGENTS_STATUS message in json mode
[NX v22.6.5 Daemon Server] - 2026-04-23T18:27:18.944Z - Responding to GET_CONFIGURE_AI_AGENTS_STATUS message
[NX v22.6.5 Daemon Server] - 2026-04-23T18:27:18.944Z - [REQUEST]: Responding to the client. handleGetConfigureAiAgentsStatus
[NX v22.6.5 Daemon Server] - 2026-04-23T18:27:18.945Z - Done responding to the client handleGetConfigureAiAgentsStatus
[NX v22.6.5 Daemon Server] - 2026-04-23T18:27:18.945Z - Handled json message GET_CONFIGURE_AI_AGENTS_STATUS. Handling time: 0. Response time: 1.
[NX v22.6.5 Daemon Client] - 2026-04-23T18:27:18.945Z - [Messenger] Received message, length: 341
[NX v22.6.5 Daemon Client] - 2026-04-23T18:27:18.946Z - [Messenger] Sending message type: POST_TASKS_EXECUTION
[NX v22.6.5 Daemon Client] - 2026-04-23T18:27:18.946Z - [Messenger] Message sent
[NX v22.6.5 Daemon Server] - 2026-04-23T18:27:18.946Z - Received raw message of length 6499
[NX v22.6.5 Daemon Server] - 2026-04-23T18:27:18.946Z - Received json message of type POST_TASKS_EXECUTION
[NX v22.6.5 Daemon Server] - 2026-04-23T18:27:18.947Z - Serializing response for POST_TASKS_EXECUTION message in json mode
[NX v22.6.5 Daemon Server] - 2026-04-23T18:27:18.947Z - Responding to POST_TASKS_EXECUTION message
[NX v22.6.5 Daemon Server] - 2026-04-23T18:27:18.947Z - [REQUEST]: Responding to the client. handleRunPostTasksExecution
[NX v22.6.5 Daemon Server] - 2026-04-23T18:27:18.947Z - Done responding to the client handleRunPostTasksExecution
[NX v22.6.5 Daemon Server] - 2026-04-23T18:27:18.947Z - Handled json message POST_TASKS_EXECUTION. Handling time: 1. Response time: 0.
[NX v22.6.5 Daemon Client] - 2026-04-23T18:27:18.947Z - [Messenger] Received message, length: 4
[NX v22.6.5 Daemon Server] - 2026-04-23T18:27:18.947Z - Time taken for 'postTasksExecution' 0.2769510000362061ms
[NX v22.6.5 Daemon Server] - 2026-04-23T18:27:18.965Z - Closed a connection. Number of open connections: 0
[NX v22.6.5 Daemon Server] - 2026-04-23T18:27:18.965Z - [WATCHER]: .playwright-cli/console-2026-04-23T17-08-50-042Z.log was modified
[NX v22.6.5 Daemon Server] - 2026-04-23T18:27:18.965Z - [SYNC]: clearing sync generators cache due to file changes
[NX v22.6.5 Daemon Server] - 2026-04-23T18:27:18.965Z - [WATCHER]: Processing file changes in outputs
[NX v22.6.5 Daemon Server] - 2026-04-23T18:27:19.166Z - [REQUEST]: Updated workspace context based on watched changes, recomputing project graph...
[NX v22.6.5 Daemon Server] - 2026-04-23T18:27:19.166Z - [REQUEST]: .playwright-cli/console-2026-04-23T17-08-50-042Z.log
[NX v22.6.5 Daemon Server] - 2026-04-23T18:27:19.166Z - [REQUEST]: 
[NX v22.6.5 Daemon Server] - 2026-04-23T18:27:19.184Z - Time taken for 'hash changed files from watcher' 0.30853399995248765ms
Time taken for 'plugin worker 77656 code loading' 71.387235ms
Time taken for 'plugin worker 77655 code loading' 74.74711099999999ms
[NX v22.6.5 Daemon Server] - 2026-04-23T18:27:19.280Z - Time taken for 'start-plugin-worker:nx/js/dependencies-and-lockfile' 112.61366099998122ms
Time taken for 'plugin worker 77662 code loading' 75.150049ms
[NX v22.6.5 Daemon Server] - 2026-04-23T18:27:19.284Z - Time taken for 'start-plugin-worker:nx/core/package-json' 109.12362099997699ms
[NX v22.6.5 Daemon Server] - 2026-04-23T18:27:19.287Z - Time taken for 'start-plugin-worker:nx/core/project-json' 106.569215000025ms
Time taken for 'nx/js/dependencies-and-lockfile:createNodes' 2.279541999999992ms
[NX v22.6.5 Daemon Server] - 2026-04-23T18:27:19.326Z - Time taken for 'build-project-configs' 157.76724299998023ms
[NX v22.6.5 Daemon Server] - 2026-04-23T18:27:19.326Z - Time taken for 'createNodes:merge' 0.48342800000682473ms
[NX v22.6.5 Daemon Server] - 2026-04-23T18:27:19.326Z - Time taken for 'get-all-workspace-files' 0.07254799996735528ms
[NX v22.6.5 Daemon Server] - 2026-04-23T18:27:19.329Z - [SYNC]: collect registered sync generators
[NX v22.6.5 Daemon Server] - 2026-04-23T18:27:19.330Z - [SYNC]: project graph hash is the same, not collecting task sync generators
[NX v22.6.5 Daemon Server] - 2026-04-23T18:27:19.330Z - [SYNC]: nx.json hash is the same, not collecting global sync generators
[NX v22.6.5 Daemon Server] - 2026-04-23T18:27:19.330Z - Time taken for 'total execution time for createProjectGraph()' 4.258134000003338ms
[NX v22.6.5 Daemon Server] - 2026-04-23T18:27:19.330Z - Time taken for 'createDependencies' 3.3545980000053532ms
[NX v22.6.5 Daemon Server] - 2026-04-23T18:27:19.330Z - Time taken for 'nx/js/dependencies-and-lockfile:createDependencies' 3.2442039999878034ms
[NX v22.6.5 Daemon Server] - 2026-04-23T18:27:19.330Z - Time taken for 'createMetadata' 0.021834999963175505ms
[NX v22.6.5 Daemon Server] - 2026-04-23T18:27:19.330Z - Time taken for 'serialize graph' 0.2182349999784492ms
[NX v22.6.5 Daemon Server] - 2026-04-23T18:27:38.172Z - [WATCHER]: node-backend/src/routes/orders.ts was modified
[NX v22.6.5 Daemon Server] - 2026-04-23T18:27:38.172Z - [SYNC]: clearing sync generators cache due to file changes
[NX v22.6.5 Daemon Server] - 2026-04-23T18:27:38.172Z - [WATCHER]: Processing file changes in outputs
[NX v22.6.5 Daemon Server] - 2026-04-23T18:27:38.573Z - [REQUEST]: Updated workspace context based on watched changes, recomputing project graph...
[NX v22.6.5 Daemon Server] - 2026-04-23T18:27:38.573Z - [REQUEST]: node-backend/src/routes/orders.ts
[NX v22.6.5 Daemon Server] - 2026-04-23T18:27:38.573Z - [REQUEST]: 
[NX v22.6.5 Daemon Server] - 2026-04-23T18:27:38.590Z - Time taken for 'hash changed files from watcher' 0.34913799999048933ms
[NX v22.6.5 Daemon Server] - 2026-04-23T18:27:38.673Z - Time taken for 'start-plugin-worker:nx/js/dependencies-and-lockfile' 98.85315399995307ms
[NX v22.6.5 Daemon Server] - 2026-04-23T18:27:38.673Z - Time taken for 'start-plugin-worker:nx/core/project-json' 86.98679699999047ms
Time taken for 'plugin worker 77870 code loading' 61.273377ms
Time taken for 'plugin worker 77863 code loading' 65.54308599999999ms
Time taken for 'plugin worker 77864 code loading' 64.551276ms
[NX v22.6.5 Daemon Server] - 2026-04-23T18:27:38.679Z - Time taken for 'start-plugin-worker:nx/core/package-json' 97.32189699995797ms
Time taken for 'nx/js/dependencies-and-lockfile:createNodes' 1.1323050000000023ms
[NX v22.6.5 Daemon Server] - 2026-04-23T18:27:38.712Z - Time taken for 'build-project-configs' 136.78865299996687ms
[NX v22.6.5 Daemon Server] - 2026-04-23T18:27:38.712Z - Time taken for 'createNodes:merge' 0.27783000003546476ms
[NX v22.6.5 Daemon Server] - 2026-04-23T18:27:38.712Z - Time taken for 'get-all-workspace-files' 0.05216600000858307ms
[NX v22.6.5 Daemon Server] - 2026-04-23T18:27:38.713Z - [SYNC]: collect registered sync generators
[NX v22.6.5 Daemon Server] - 2026-04-23T18:27:38.713Z - [SYNC]: project graph hash is the same, not collecting task sync generators
[NX v22.6.5 Daemon Server] - 2026-04-23T18:27:38.713Z - [SYNC]: nx.json hash is the same, not collecting global sync generators
[NX v22.6.5 Daemon Server] - 2026-04-23T18:27:38.713Z - Time taken for 'total execution time for createProjectGraph()' 2.135868000041228ms
[NX v22.6.5 Daemon Server] - 2026-04-23T18:27:38.713Z - Time taken for 'createDependencies' 1.7236810000031255ms
[NX v22.6.5 Daemon Server] - 2026-04-23T18:27:38.713Z - Time taken for 'nx/js/dependencies-and-lockfile:createDependencies' 1.694236000010278ms
[NX v22.6.5 Daemon Server] - 2026-04-23T18:27:38.713Z - Time taken for 'createMetadata' 0.006473000044934452ms
[NX v22.6.5 Daemon Server] - 2026-04-23T18:27:38.713Z - Time taken for 'serialize graph' 0.1281400000443682ms
[NX v22.6.5 Daemon Server] - 2026-04-23T18:27:43.801Z - [WATCHER]: Processing file changes in outputs
[NX v22.6.5 Daemon Server] - 2026-04-23T18:27:43.853Z - [WATCHER]: Processing file changes in outputs
[NX v22.6.5 Daemon Server] - 2026-04-23T18:27:49.891Z - Established a connection. Number of open connections: 1
[NX v22.6.5 Daemon Server] - 2026-04-23T18:27:49.891Z - Closed a connection. Number of open connections: 0
[NX v22.6.5 Daemon Server] - 2026-04-23T18:27:49.891Z - Established a connection. Number of open connections: 1
[NX v22.6.5 Daemon Server] - 2026-04-23T18:27:49.892Z - Closed a connection. Number of open connections: 0
[NX v22.6.5 Daemon Server] - 2026-04-23T18:27:49.892Z - Established a connection. Number of open connections: 1
[NX v22.6.5 Daemon Client] - 2026-04-23T18:27:49.892Z - [Messenger] Setting up socket listeners
[NX v22.6.5 Daemon Client] - 2026-04-23T18:27:49.892Z - [Messenger] listen() complete
[NX v22.6.5 Daemon Client] - 2026-04-23T18:27:49.893Z - [Messenger] Sending message type: GET_NX_CONSOLE_STATUS
[NX v22.6.5 Daemon Client] - 2026-04-23T18:27:49.893Z - [Messenger] Message sent
[NX v22.6.5 Daemon Server] - 2026-04-23T18:27:49.999Z - Received raw message of length 32
[NX v22.6.5 Daemon Server] - 2026-04-23T18:27:49.999Z - Received json message of type GET_NX_CONSOLE_STATUS
[NX v22.6.5 Daemon Server] - 2026-04-23T18:27:49.999Z - Serializing response for GET_NX_CONSOLE_STATUS message in json mode
[NX v22.6.5 Daemon Server] - 2026-04-23T18:27:49.999Z - Responding to GET_NX_CONSOLE_STATUS message
[NX v22.6.5 Daemon Server] - 2026-04-23T18:27:49.999Z - [REQUEST]: Responding to the client. handleGetNxConsoleStatus
[NX v22.6.5 Daemon Server] - 2026-04-23T18:27:49.999Z - Done responding to the client handleGetNxConsoleStatus
[NX v22.6.5 Daemon Server] - 2026-04-23T18:27:49.999Z - Handled json message GET_NX_CONSOLE_STATUS. Handling time: 0. Response time: 0.
[NX v22.6.5 Daemon Client] - 2026-04-23T18:27:50.000Z - [Messenger] Received message, length: 22
[NX v22.6.5 Daemon Client] - 2026-04-23T18:27:50.020Z - [Messenger] Sending message type: REQUEST_PROJECT_GRAPH
[NX v22.6.5 Daemon Client] - 2026-04-23T18:27:50.020Z - [Messenger] Message sent
[NX v22.6.5 Daemon Server] - 2026-04-23T18:27:50.020Z - Received raw message of length 32
[NX v22.6.5 Daemon Server] - 2026-04-23T18:27:50.020Z - Received json message of type REQUEST_PROJECT_GRAPH
[NX v22.6.5 Daemon Server] - 2026-04-23T18:27:50.021Z - [REQUEST]: Client Request for Project Graph Received
[NX v22.6.5 Daemon Server] - 2026-04-23T18:27:50.021Z - Reusing in-memory cached project graph because no files changed.
[NX v22.6.5 Daemon Server] - 2026-04-23T18:27:50.021Z - Serializing response for REQUEST_PROJECT_GRAPH message in json mode
[NX v22.6.5 Daemon Server] - 2026-04-23T18:27:50.021Z - Responding to REQUEST_PROJECT_GRAPH message
[NX v22.6.5 Daemon Server] - 2026-04-23T18:27:50.021Z - [REQUEST]: Responding to the client. project-graph
[NX v22.6.5 Daemon Server] - 2026-04-23T18:27:50.022Z - Done responding to the client project-graph
[NX v22.6.5 Daemon Server] - 2026-04-23T18:27:50.022Z - Handled json message REQUEST_PROJECT_GRAPH. Handling time: 1. Response time: 1.
[NX v22.6.5 Daemon Server] - 2026-04-23T18:27:50.022Z - Time taken for 'total for creating and serializing project graph' 0.796226000005845ms
[NX v22.6.5 Daemon Client] - 2026-04-23T18:27:50.022Z - [Messenger] Received message, length: 51092
[NX v22.6.5 Daemon Client] - 2026-04-23T18:27:50.023Z - [Messenger] Sending message type: PRE_TASKS_EXECUTION
[NX v22.6.5 Daemon Client] - 2026-04-23T18:27:50.024Z - [Messenger] Message sent
[NX v22.6.5 Daemon Server] - 2026-04-23T18:27:50.024Z - Received raw message of length 453
[NX v22.6.5 Daemon Server] - 2026-04-23T18:27:50.024Z - Received json message of type PRE_TASKS_EXECUTION
[NX v22.6.5 Daemon Server] - 2026-04-23T18:27:50.024Z - Serializing response for PRE_TASKS_EXECUTION message in json mode
[NX v22.6.5 Daemon Server] - 2026-04-23T18:27:50.024Z - Responding to PRE_TASKS_EXECUTION message
[NX v22.6.5 Daemon Server] - 2026-04-23T18:27:50.024Z - [REQUEST]: Responding to the client. handleRunPreTasksExecution
[NX v22.6.5 Daemon Server] - 2026-04-23T18:27:50.024Z - Done responding to the client handleRunPreTasksExecution
[NX v22.6.5 Daemon Server] - 2026-04-23T18:27:50.024Z - Handled json message PRE_TASKS_EXECUTION. Handling time: 0. Response time: 0.
[NX v22.6.5 Daemon Server] - 2026-04-23T18:27:50.025Z - Time taken for 'preTasksExecution' 0.2582290000282228ms
[NX v22.6.5 Daemon Client] - 2026-04-23T18:27:50.027Z - [Messenger] Received message, length: 2
[NX v22.6.5 Daemon Client] - 2026-04-23T18:27:50.038Z - [Messenger] Sending message type: HASH_TASKS
[NX v22.6.5 Daemon Client] - 2026-04-23T18:27:50.038Z - [Messenger] Message sent
[NX v22.6.5 Daemon Server] - 2026-04-23T18:27:50.039Z - Received raw message of length 6773
[NX v22.6.5 Daemon Server] - 2026-04-23T18:27:50.039Z - Received json message of type HASH_TASKS
[NX v22.6.5 Daemon Server] - 2026-04-23T18:27:50.039Z - Reusing in-memory cached project graph because no files changed.
DEBUG nx::native::tasks::hash_planner: get_plans_internal COMPLETED in 417.243µs - processed 2 tasks (setup: 66.846µs, parallel_planning: 348.317µs)
DEBUG nx::native::tasks::hashers::hash_workspace_files: Hashing workspace fileset with inputs: Adding "14131790413828198662" (".gitignore") to hash
DEBUG nx::native::tasks::hashers::hash_workspace_files: Hashing workspace fileset with inputs: Adding "16065994131877946731" ("nx.json") to hash
DEBUG nx::native::tasks::hashers::hash_workspace_files: Hashing workspace fileset with inputs: Hash Value: "9147741371145341845"
DEBUG nx::native::tasks::hashers::hash_workspace_files: Hashing workspace fileset with inputs: Adding "14131790413828198662" (".gitignore") to hash
DEBUG nx::native::tasks::hashers::hash_workspace_files: Hashing workspace fileset with inputs: Adding "16065994131877946731" ("nx.json") to hash
DEBUG nx::native::tasks::hashers::hash_workspace_files: Hashing workspace fileset with inputs: Hash Value: "9147741371145341845"
DEBUG nx::native::tasks::task_hasher: hash_plans COMPLETED in 530.7µs - processed 2 plans (setup: 26.073µs, hashing: 503.738µs, assembly: 25.42µs)
[NX v22.6.5 Daemon Server] - 2026-04-23T18:27:50.041Z - Serializing response for HASH_TASKS message in json mode
[NX v22.6.5 Daemon Server] - 2026-04-23T18:27:50.041Z - Responding to HASH_TASKS message
[NX v22.6.5 Daemon Server] - 2026-04-23T18:27:50.041Z - [REQUEST]: Responding to the client. handleHashTasks
[NX v22.6.5 Daemon Server] - 2026-04-23T18:27:50.041Z - Done responding to the client handleHashTasks
[NX v22.6.5 Daemon Server] - 2026-04-23T18:27:50.041Z - Handled json message HASH_TASKS. Handling time: 2. Response time: 0.
[NX v22.6.5 Daemon Client] - 2026-04-23T18:27:50.041Z - [Messenger] Received message, length: 1111
[NX v22.6.5 Daemon Client] - 2026-04-23T18:27:50.052Z - [Messenger] Sending message type: GET_ESTIMATED_TASK_TIMINGS
[NX v22.6.5 Daemon Client] - 2026-04-23T18:27:50.053Z - [Messenger] Message sent
[NX v22.6.5 Daemon Server] - 2026-04-23T18:27:50.053Z - Received raw message of length 124
[NX v22.6.5 Daemon Server] - 2026-04-23T18:27:50.053Z - Received json message of type GET_ESTIMATED_TASK_TIMINGS
[NX v22.6.5 Daemon Server] - 2026-04-23T18:27:50.054Z - Serializing response for GET_ESTIMATED_TASK_TIMINGS message in json mode
[NX v22.6.5 Daemon Server] - 2026-04-23T18:27:50.054Z - Responding to GET_ESTIMATED_TASK_TIMINGS message
[NX v22.6.5 Daemon Server] - 2026-04-23T18:27:50.054Z - [REQUEST]: Responding to the client. handleGetEstimatedTaskTimings
[NX v22.6.5 Daemon Server] - 2026-04-23T18:27:50.054Z - Done responding to the client handleGetEstimatedTaskTimings
[NX v22.6.5 Daemon Server] - 2026-04-23T18:27:50.054Z - Handled json message GET_ESTIMATED_TASK_TIMINGS. Handling time: 1. Response time: 0.
[NX v22.6.5 Daemon Client] - 2026-04-23T18:27:50.054Z - [Messenger] Received message, length: 2
[NX v22.6.5 Daemon Server] - 2026-04-23T18:27:52.041Z - [WATCHER]: .playwright-cli/console-2026-04-23T17-08-50-042Z.log was modified
[NX v22.6.5 Daemon Server] - 2026-04-23T18:27:52.042Z - [SYNC]: clearing sync generators cache due to file changes
[NX v22.6.5 Daemon Server] - 2026-04-23T18:27:52.042Z - [WATCHER]: Processing file changes in outputs
[NX v22.6.5 Daemon Server] - 2026-04-23T18:27:52.144Z - [REQUEST]: Updated workspace context based on watched changes, recomputing project graph...
[NX v22.6.5 Daemon Server] - 2026-04-23T18:27:52.144Z - [REQUEST]: .playwright-cli/console-2026-04-23T17-08-50-042Z.log
[NX v22.6.5 Daemon Server] - 2026-04-23T18:27:52.144Z - [REQUEST]: 
[NX v22.6.5 Daemon Server] - 2026-04-23T18:27:52.167Z - Time taken for 'hash changed files from watcher' 0.4931980000110343ms
Time taken for 'plugin worker 78174 code loading' 73.595651ms
[NX v22.6.5 Daemon Server] - 2026-04-23T18:27:52.261Z - Time taken for 'start-plugin-worker:nx/js/dependencies-and-lockfile' 116.17729600000894ms
Time taken for 'plugin worker 78175 code loading' 75.95692ms
[NX v22.6.5 Daemon Server] - 2026-04-23T18:27:52.265Z - Time taken for 'start-plugin-worker:nx/core/package-json' 110.58228699996835ms
Time taken for 'plugin worker 78181 code loading' 72.584341ms
[NX v22.6.5 Daemon Server] - 2026-04-23T18:27:52.272Z - Time taken for 'start-plugin-worker:nx/core/project-json' 110.2519930000417ms
Time taken for 'nx/js/dependencies-and-lockfile:createNodes' 1.2467589999999973ms
[NX v22.6.5 Daemon Server] - 2026-04-23T18:27:52.305Z - Time taken for 'build-project-configs' 159.16134500002954ms
[NX v22.6.5 Daemon Server] - 2026-04-23T18:27:52.305Z - Time taken for 'createNodes:merge' 0.3532679999480024ms
[NX v22.6.5 Daemon Server] - 2026-04-23T18:27:52.305Z - Time taken for 'get-all-workspace-files' 0.06042300001718104ms
[NX v22.6.5 Daemon Server] - 2026-04-23T18:27:52.308Z - [SYNC]: collect registered sync generators
[NX v22.6.5 Daemon Server] - 2026-04-23T18:27:52.308Z - [SYNC]: project graph hash is the same, not collecting task sync generators
[NX v22.6.5 Daemon Server] - 2026-04-23T18:27:52.308Z - [SYNC]: nx.json hash is the same, not collecting global sync generators
[NX v22.6.5 Daemon Server] - 2026-04-23T18:27:52.308Z - Time taken for 'total execution time for createProjectGraph()' 3.4400699999532662ms
[NX v22.6.5 Daemon Server] - 2026-04-23T18:27:52.308Z - Time taken for 'createDependencies' 2.845084000029601ms
[NX v22.6.5 Daemon Server] - 2026-04-23T18:27:52.308Z - Time taken for 'nx/js/dependencies-and-lockfile:createDependencies' 2.7684010000084527ms
[NX v22.6.5 Daemon Server] - 2026-04-23T18:27:52.308Z - Time taken for 'createMetadata' 0.015492000035010278ms
[NX v22.6.5 Daemon Server] - 2026-04-23T18:27:52.308Z - Time taken for 'serialize graph' 0.15673799999058247ms
[NX v22.6.5 Daemon Client] - 2026-04-23T18:27:56.748Z - [Messenger] Sending message type: RECORD_TASK_RUNS
[NX v22.6.5 Daemon Client] - 2026-04-23T18:27:56.748Z - [Messenger] Message sent
[NX v22.6.5 Daemon Server] - 2026-04-23T18:27:56.748Z - Received raw message of length 371
[NX v22.6.5 Daemon Server] - 2026-04-23T18:27:56.748Z - Received json message of type RECORD_TASK_RUNS
[NX v22.6.5 Daemon Server] - 2026-04-23T18:27:56.754Z - Serializing response for RECORD_TASK_RUNS message in json mode
[NX v22.6.5 Daemon Server] - 2026-04-23T18:27:56.754Z - Responding to RECORD_TASK_RUNS message
[NX v22.6.5 Daemon Server] - 2026-04-23T18:27:56.754Z - [REQUEST]: Responding to the client. handleRecordTaskRuns
[NX v22.6.5 Daemon Server] - 2026-04-23T18:27:56.754Z - Done responding to the client handleRecordTaskRuns
[NX v22.6.5 Daemon Server] - 2026-04-23T18:27:56.754Z - Handled json message RECORD_TASK_RUNS. Handling time: 6. Response time: 0.
[NX v22.6.5 Daemon Client] - 2026-04-23T18:27:56.754Z - [Messenger] Received message, length: 4
[NX v22.6.5 Daemon Server] - 2026-04-23T18:27:56.756Z - Established a connection. Number of open connections: 2
[NX v22.6.5 Daemon Client] - 2026-04-23T18:27:56.756Z - [Messenger] Sending message type: GET_CONFIGURE_AI_AGENTS_STATUS
[NX v22.6.5 Daemon Client] - 2026-04-23T18:27:56.756Z - [Messenger] Message sent
[NX v22.6.5 Daemon Server] - 2026-04-23T18:27:56.756Z - Received raw message of length 41
[NX v22.6.5 Daemon Server] - 2026-04-23T18:27:56.756Z - Received json message of type GET_CONFIGURE_AI_AGENTS_STATUS
[NX v22.6.5 Daemon Server] - 2026-04-23T18:27:56.756Z - [AI-AGENTS]: Returning cached agent configuration status
[NX v22.6.5 Daemon Server] - 2026-04-23T18:27:56.756Z - Serializing response for GET_CONFIGURE_AI_AGENTS_STATUS message in json mode
[NX v22.6.5 Daemon Server] - 2026-04-23T18:27:56.756Z - Responding to GET_CONFIGURE_AI_AGENTS_STATUS message
[NX v22.6.5 Daemon Server] - 2026-04-23T18:27:56.756Z - [REQUEST]: Responding to the client. handleGetConfigureAiAgentsStatus
[NX v22.6.5 Daemon Server] - 2026-04-23T18:27:56.756Z - Done responding to the client handleGetConfigureAiAgentsStatus
[NX v22.6.5 Daemon Server] - 2026-04-23T18:27:56.756Z - Handled json message GET_CONFIGURE_AI_AGENTS_STATUS. Handling time: 0. Response time: 0.
[NX v22.6.5 Daemon Client] - 2026-04-23T18:27:56.756Z - [Messenger] Received message, length: 341
[NX v22.6.5 Daemon Server] - 2026-04-23T18:27:56.756Z - Closed a connection. Number of open connections: 1
[NX v22.6.5 Daemon Client] - 2026-04-23T18:27:56.758Z - [Messenger] Sending message type: POST_TASKS_EXECUTION
[NX v22.6.5 Daemon Client] - 2026-04-23T18:27:56.758Z - [Messenger] Message sent
[NX v22.6.5 Daemon Server] - 2026-04-23T18:27:56.758Z - Received raw message of length 5883
[NX v22.6.5 Daemon Server] - 2026-04-23T18:27:56.758Z - Received json message of type POST_TASKS_EXECUTION
[NX v22.6.5 Daemon Server] - 2026-04-23T18:27:56.758Z - Serializing response for POST_TASKS_EXECUTION message in json mode
[NX v22.6.5 Daemon Server] - 2026-04-23T18:27:56.758Z - Responding to POST_TASKS_EXECUTION message
[NX v22.6.5 Daemon Server] - 2026-04-23T18:27:56.758Z - [REQUEST]: Responding to the client. handleRunPostTasksExecution
[NX v22.6.5 Daemon Server] - 2026-04-23T18:27:56.758Z - Done responding to the client handleRunPostTasksExecution
[NX v22.6.5 Daemon Server] - 2026-04-23T18:27:56.758Z - Handled json message POST_TASKS_EXECUTION. Handling time: 0. Response time: 0.
[NX v22.6.5 Daemon Server] - 2026-04-23T18:27:56.758Z - Time taken for 'postTasksExecution' 0.13689099997282028ms
[NX v22.6.5 Daemon Client] - 2026-04-23T18:27:56.758Z - [Messenger] Received message, length: 4
[NX v22.6.5 Daemon Server] - 2026-04-23T18:27:56.771Z - [WATCHER]: .playwright-cli/console-2026-04-23T17-08-50-042Z.log was modified
[NX v22.6.5 Daemon Server] - 2026-04-23T18:27:56.771Z - [SYNC]: clearing sync generators cache due to file changes
[NX v22.6.5 Daemon Server] - 2026-04-23T18:27:56.771Z - [WATCHER]: Processing file changes in outputs
[NX v22.6.5 Daemon Server] - 2026-04-23T18:27:56.776Z - Closed a connection. Number of open connections: 0
[NX v22.6.5 Daemon Server] - 2026-04-23T18:27:56.972Z - [REQUEST]: Updated workspace context based on watched changes, recomputing project graph...
[NX v22.6.5 Daemon Server] - 2026-04-23T18:27:56.972Z - [REQUEST]: .playwright-cli/console-2026-04-23T17-08-50-042Z.log
[NX v22.6.5 Daemon Server] - 2026-04-23T18:27:56.972Z - [REQUEST]: 
[NX v22.6.5 Daemon Server] - 2026-04-23T18:27:56.989Z - Time taken for 'hash changed files from watcher' 0.3695120000047609ms
Time taken for 'plugin worker 78299 code loading' 71.256257ms
Time taken for 'plugin worker 78305 code loading' 70.369193ms
Time taken for 'plugin worker 78298 code loading' 75.491693ms
[NX v22.6.5 Daemon Server] - 2026-04-23T18:27:57.082Z - Time taken for 'start-plugin-worker:nx/core/project-json' 96.615289999987ms
[NX v22.6.5 Daemon Server] - 2026-04-23T18:27:57.084Z - Time taken for 'start-plugin-worker:nx/js/dependencies-and-lockfile' 110.67742200003704ms
[NX v22.6.5 Daemon Server] - 2026-04-23T18:27:57.091Z - Time taken for 'start-plugin-worker:nx/core/package-json' 111.02811200002907ms
Time taken for 'nx/js/dependencies-and-lockfile:createNodes' 1.5138340000000028ms
[NX v22.6.5 Daemon Server] - 2026-04-23T18:27:57.126Z - Time taken for 'build-project-configs' 152.12590600003023ms
[NX v22.6.5 Daemon Server] - 2026-04-23T18:27:57.126Z - Time taken for 'createNodes:merge' 0.35753700003260747ms
[NX v22.6.5 Daemon Server] - 2026-04-23T18:27:57.126Z - Time taken for 'get-all-workspace-files' 0.06052900000941008ms
[NX v22.6.5 Daemon Server] - 2026-04-23T18:27:57.127Z - [SYNC]: collect registered sync generators
[NX v22.6.5 Daemon Server] - 2026-04-23T18:27:57.128Z - [SYNC]: project graph hash is the same, not collecting task sync generators
[NX v22.6.5 Daemon Server] - 2026-04-23T18:27:57.128Z - [SYNC]: nx.json hash is the same, not collecting global sync generators
[NX v22.6.5 Daemon Server] - 2026-04-23T18:27:57.128Z - Time taken for 'total execution time for createProjectGraph()' 2.3655529999523424ms
[NX v22.6.5 Daemon Server] - 2026-04-23T18:27:57.128Z - Time taken for 'createDependencies' 1.7179239999968559ms
[NX v22.6.5 Daemon Server] - 2026-04-23T18:27:57.128Z - Time taken for 'nx/js/dependencies-and-lockfile:createDependencies' 1.6716590000432916ms
[NX v22.6.5 Daemon Server] - 2026-04-23T18:27:57.128Z - Time taken for 'createMetadata' 0.01218599994899705ms
[NX v22.6.5 Daemon Server] - 2026-04-23T18:27:57.128Z - Time taken for 'serialize graph' 0.16255599999567494ms
[NX v22.6.5 Daemon Server] - 2026-04-23T18:28:57.224Z - Established a connection. Number of open connections: 1
[NX v22.6.5 Daemon Server] - 2026-04-23T18:28:57.224Z - Closed a connection. Number of open connections: 0
[NX v22.6.5 Daemon Server] - 2026-04-23T18:28:57.224Z - Established a connection. Number of open connections: 1
[NX v22.6.5 Daemon Server] - 2026-04-23T18:28:57.224Z - Closed a connection. Number of open connections: 0
[NX v22.6.5 Daemon Server] - 2026-04-23T18:28:57.225Z - Established a connection. Number of open connections: 1
[NX v22.6.5 Daemon Client] - 2026-04-23T18:28:57.225Z - [Messenger] Setting up socket listeners
[NX v22.6.5 Daemon Client] - 2026-04-23T18:28:57.225Z - [Messenger] listen() complete
[NX v22.6.5 Daemon Client] - 2026-04-23T18:28:57.225Z - [Messenger] Sending message type: GET_NX_CONSOLE_STATUS
[NX v22.6.5 Daemon Client] - 2026-04-23T18:28:57.225Z - [Messenger] Message sent
[NX v22.6.5 Daemon Server] - 2026-04-23T18:28:57.331Z - Received raw message of length 32
[NX v22.6.5 Daemon Server] - 2026-04-23T18:28:57.331Z - Received json message of type GET_NX_CONSOLE_STATUS
[NX v22.6.5 Daemon Server] - 2026-04-23T18:28:57.331Z - Serializing response for GET_NX_CONSOLE_STATUS message in json mode
[NX v22.6.5 Daemon Server] - 2026-04-23T18:28:57.331Z - Responding to GET_NX_CONSOLE_STATUS message
[NX v22.6.5 Daemon Server] - 2026-04-23T18:28:57.331Z - [REQUEST]: Responding to the client. handleGetNxConsoleStatus
[NX v22.6.5 Daemon Server] - 2026-04-23T18:28:57.331Z - Done responding to the client handleGetNxConsoleStatus
[NX v22.6.5 Daemon Server] - 2026-04-23T18:28:57.331Z - Handled json message GET_NX_CONSOLE_STATUS. Handling time: 0. Response time: 0.
[NX v22.6.5 Daemon Client] - 2026-04-23T18:28:57.332Z - [Messenger] Received message, length: 22
[NX v22.6.5 Daemon Client] - 2026-04-23T18:28:57.356Z - [Messenger] Sending message type: REQUEST_PROJECT_GRAPH
[NX v22.6.5 Daemon Client] - 2026-04-23T18:28:57.356Z - [Messenger] Message sent
[NX v22.6.5 Daemon Server] - 2026-04-23T18:28:57.356Z - Received raw message of length 32
[NX v22.6.5 Daemon Server] - 2026-04-23T18:28:57.356Z - Received json message of type REQUEST_PROJECT_GRAPH
[NX v22.6.5 Daemon Server] - 2026-04-23T18:28:57.356Z - [REQUEST]: Client Request for Project Graph Received
[NX v22.6.5 Daemon Server] - 2026-04-23T18:28:57.356Z - Reusing in-memory cached project graph because no files changed.
[NX v22.6.5 Daemon Server] - 2026-04-23T18:28:57.356Z - Serializing response for REQUEST_PROJECT_GRAPH message in json mode
[NX v22.6.5 Daemon Server] - 2026-04-23T18:28:57.356Z - Responding to REQUEST_PROJECT_GRAPH message
[NX v22.6.5 Daemon Server] - 2026-04-23T18:28:57.356Z - [REQUEST]: Responding to the client. project-graph
[NX v22.6.5 Daemon Server] - 2026-04-23T18:28:57.356Z - Done responding to the client project-graph
[NX v22.6.5 Daemon Server] - 2026-04-23T18:28:57.356Z - Handled json message REQUEST_PROJECT_GRAPH. Handling time: 0. Response time: 0.
[NX v22.6.5 Daemon Server] - 2026-04-23T18:28:57.356Z - Time taken for 'total for creating and serializing project graph' 0.09959100000560284ms
[NX v22.6.5 Daemon Client] - 2026-04-23T18:28:57.356Z - [Messenger] Received message, length: 51092
[NX v22.6.5 Daemon Client] - 2026-04-23T18:28:57.357Z - [Messenger] Sending message type: PRE_TASKS_EXECUTION
[NX v22.6.5 Daemon Client] - 2026-04-23T18:28:57.358Z - [Messenger] Message sent
[NX v22.6.5 Daemon Server] - 2026-04-23T18:28:57.358Z - Received raw message of length 488
[NX v22.6.5 Daemon Server] - 2026-04-23T18:28:57.358Z - Received json message of type PRE_TASKS_EXECUTION
[NX v22.6.5 Daemon Server] - 2026-04-23T18:28:57.358Z - Serializing response for PRE_TASKS_EXECUTION message in json mode
[NX v22.6.5 Daemon Server] - 2026-04-23T18:28:57.358Z - Responding to PRE_TASKS_EXECUTION message
[NX v22.6.5 Daemon Server] - 2026-04-23T18:28:57.358Z - [REQUEST]: Responding to the client. handleRunPreTasksExecution
[NX v22.6.5 Daemon Server] - 2026-04-23T18:28:57.358Z - Done responding to the client handleRunPreTasksExecution
[NX v22.6.5 Daemon Server] - 2026-04-23T18:28:57.358Z - Handled json message PRE_TASKS_EXECUTION. Handling time: 0. Response time: 0.
[NX v22.6.5 Daemon Server] - 2026-04-23T18:28:57.358Z - Time taken for 'preTasksExecution' 0.0815450000227429ms
[NX v22.6.5 Daemon Client] - 2026-04-23T18:28:57.358Z - [Messenger] Received message, length: 2
[NX v22.6.5 Daemon Client] - 2026-04-23T18:28:57.394Z - [Messenger] Sending message type: HASH_TASKS
[NX v22.6.5 Daemon Client] - 2026-04-23T18:28:57.395Z - [Messenger] Message sent
[NX v22.6.5 Daemon Server] - 2026-04-23T18:28:57.395Z - Received raw message of length 7242
[NX v22.6.5 Daemon Server] - 2026-04-23T18:28:57.395Z - Received json message of type HASH_TASKS
[NX v22.6.5 Daemon Server] - 2026-04-23T18:28:57.395Z - Reusing in-memory cached project graph because no files changed.
DEBUG nx::native::tasks::hash_planner: get_plans_internal COMPLETED in 263.214µs - processed 2 tasks (setup: 97.888µs, parallel_planning: 162.046µs)
DEBUG nx::native::tasks::hashers::hash_workspace_files: Hashing workspace fileset with inputs: Adding "14131790413828198662" (".gitignore") to hash
DEBUG nx::native::tasks::hashers::hash_workspace_files: Hashing workspace fileset with inputs: Adding "14131790413828198662" (".gitignore") to hash
DEBUG nx::native::tasks::hashers::hash_workspace_files: Hashing workspace fileset with inputs: Adding "16065994131877946731" ("nx.json") to hash
DEBUG nx::native::tasks::hashers::hash_workspace_files: Hashing workspace fileset with inputs: Adding "16065994131877946731" ("nx.json") to hash
DEBUG nx::native::tasks::hashers::hash_workspace_files: Hashing workspace fileset with inputs: Hash Value: "9147741371145341845"
DEBUG nx::native::tasks::hashers::hash_workspace_files: Hashing workspace fileset with inputs: Hash Value: "9147741371145341845"
DEBUG nx::native::tasks::task_hasher: hash_plans COMPLETED in 385.379µs - processed 2 plans (setup: 32.086µs, hashing: 352.347µs, assembly: 33.471µs)
[NX v22.6.5 Daemon Server] - 2026-04-23T18:28:57.398Z - Serializing response for HASH_TASKS message in json mode
[NX v22.6.5 Daemon Server] - 2026-04-23T18:28:57.398Z - Responding to HASH_TASKS message
[NX v22.6.5 Daemon Server] - 2026-04-23T18:28:57.398Z - [REQUEST]: Responding to the client. handleHashTasks
[NX v22.6.5 Daemon Server] - 2026-04-23T18:28:57.398Z - Done responding to the client handleHashTasks
[NX v22.6.5 Daemon Server] - 2026-04-23T18:28:57.398Z - Handled json message HASH_TASKS. Handling time: 3. Response time: 0.
[NX v22.6.5 Daemon Client] - 2026-04-23T18:28:57.399Z - [Messenger] Received message, length: 1111
[NX v22.6.5 Daemon Client] - 2026-04-23T18:28:57.408Z - [Messenger] Sending message type: GET_ESTIMATED_TASK_TIMINGS
[NX v22.6.5 Daemon Client] - 2026-04-23T18:28:57.408Z - [Messenger] Message sent
[NX v22.6.5 Daemon Server] - 2026-04-23T18:28:57.408Z - Received raw message of length 124
[NX v22.6.5 Daemon Server] - 2026-04-23T18:28:57.408Z - Received json message of type GET_ESTIMATED_TASK_TIMINGS
[NX v22.6.5 Daemon Server] - 2026-04-23T18:28:57.409Z - Serializing response for GET_ESTIMATED_TASK_TIMINGS message in json mode
[NX v22.6.5 Daemon Server] - 2026-04-23T18:28:57.409Z - Responding to GET_ESTIMATED_TASK_TIMINGS message
[NX v22.6.5 Daemon Server] - 2026-04-23T18:28:57.409Z - [REQUEST]: Responding to the client. handleGetEstimatedTaskTimings
[NX v22.6.5 Daemon Server] - 2026-04-23T18:28:57.409Z - Done responding to the client handleGetEstimatedTaskTimings
[NX v22.6.5 Daemon Server] - 2026-04-23T18:28:57.409Z - Handled json message GET_ESTIMATED_TASK_TIMINGS. Handling time: 1. Response time: 0.
[NX v22.6.5 Daemon Client] - 2026-04-23T18:28:57.409Z - [Messenger] Received message, length: 2
[NX v22.6.5 Daemon Server] - 2026-04-23T18:29:00.543Z - [WATCHER]: .playwright-cli/console-2026-04-23T17-08-50-042Z.log was modified
[NX v22.6.5 Daemon Server] - 2026-04-23T18:29:00.543Z - [SYNC]: clearing sync generators cache due to file changes
[NX v22.6.5 Daemon Server] - 2026-04-23T18:29:00.543Z - [WATCHER]: Processing file changes in outputs
[NX v22.6.5 Daemon Server] - 2026-04-23T18:29:00.644Z - [REQUEST]: Updated workspace context based on watched changes, recomputing project graph...
[NX v22.6.5 Daemon Server] - 2026-04-23T18:29:00.644Z - [REQUEST]: .playwright-cli/console-2026-04-23T17-08-50-042Z.log
[NX v22.6.5 Daemon Server] - 2026-04-23T18:29:00.644Z - [REQUEST]: 
[NX v22.6.5 Daemon Server] - 2026-04-23T18:29:00.665Z - Time taken for 'hash changed files from watcher' 0.4507500000181608ms
Time taken for 'plugin worker 78836 code loading' 62.861205ms
Time taken for 'plugin worker 78837 code loading' 65.112596ms
[NX v22.6.5 Daemon Server] - 2026-04-23T18:29:00.747Z - Time taken for 'start-plugin-worker:nx/js/dependencies-and-lockfile' 102.10875499999383ms
[NX v22.6.5 Daemon Server] - 2026-04-23T18:29:00.747Z - Time taken for 'start-plugin-worker:nx/core/project-json' 87.26588700001594ms
Time taken for 'plugin worker 78843 code loading' 63.476361ms
[NX v22.6.5 Daemon Server] - 2026-04-23T18:29:00.751Z - Time taken for 'start-plugin-worker:nx/core/package-json' 97.18324400001438ms
[NX v22.6.5 Daemon Server] - 2026-04-23T18:29:00.777Z - Time taken for 'build-project-configs' 131.73969899996882ms
[NX v22.6.5 Daemon Server] - 2026-04-23T18:29:00.778Z - Time taken for 'createNodes:merge' 0.24164399999426678ms
[NX v22.6.5 Daemon Server] - 2026-04-23T18:29:00.778Z - Time taken for 'get-all-workspace-files' 0.05132899997988716ms
Time taken for 'nx/js/dependencies-and-lockfile:createNodes' 1.0552399999999977ms
[NX v22.6.5 Daemon Server] - 2026-04-23T18:29:00.781Z - [SYNC]: collect registered sync generators
[NX v22.6.5 Daemon Server] - 2026-04-23T18:29:00.781Z - [SYNC]: project graph hash is the same, not collecting task sync generators
[NX v22.6.5 Daemon Server] - 2026-04-23T18:29:00.781Z - [SYNC]: nx.json hash is the same, not collecting global sync generators
[NX v22.6.5 Daemon Server] - 2026-04-23T18:29:00.781Z - Time taken for 'total execution time for createProjectGraph()' 3.86074400000507ms
[NX v22.6.5 Daemon Server] - 2026-04-23T18:29:00.781Z - Time taken for 'createDependencies' 3.439596999960486ms
[NX v22.6.5 Daemon Server] - 2026-04-23T18:29:00.781Z - Time taken for 'nx/js/dependencies-and-lockfile:createDependencies' 3.410868000006303ms
[NX v22.6.5 Daemon Server] - 2026-04-23T18:29:00.781Z - Time taken for 'createMetadata' 0.007263000006787479ms
[NX v22.6.5 Daemon Server] - 2026-04-23T18:29:00.781Z - Time taken for 'serialize graph' 0.14507600001525134ms
[NX v22.6.5 Daemon Server] - 2026-04-23T18:35:40.477Z - [WATCHER]: specs/test-plans/000-core-transformation-pipeline.md was modified
[NX v22.6.5 Daemon Server] - 2026-04-23T18:35:40.477Z - [SYNC]: clearing sync generators cache due to file changes
[NX v22.6.5 Daemon Server] - 2026-04-23T18:35:40.477Z - [WATCHER]: Processing file changes in outputs
[NX v22.6.5 Daemon Server] - 2026-04-23T18:35:40.678Z - [REQUEST]: Updated workspace context based on watched changes, recomputing project graph...
[NX v22.6.5 Daemon Server] - 2026-04-23T18:35:40.678Z - [REQUEST]: specs/test-plans/000-core-transformation-pipeline.md
[NX v22.6.5 Daemon Server] - 2026-04-23T18:35:40.678Z - [REQUEST]: 
[NX v22.6.5 Daemon Server] - 2026-04-23T18:35:40.694Z - Time taken for 'hash changed files from watcher' 0.27445400005672127ms
Time taken for 'plugin worker 81214 code loading' 69.53143399999999ms
Time taken for 'plugin worker 81220 code loading' 65.493064ms
Time taken for 'plugin worker 81213 code loading' 70.77355899999999ms
[NX v22.6.5 Daemon Server] - 2026-04-23T18:35:40.783Z - Time taken for 'start-plugin-worker:nx/core/package-json' 96.5483200000599ms
[NX v22.6.5 Daemon Server] - 2026-04-23T18:35:40.783Z - Time taken for 'start-plugin-worker:nx/core/project-json' 93.36622299998999ms
[NX v22.6.5 Daemon Server] - 2026-04-23T18:35:40.790Z - Time taken for 'start-plugin-worker:nx/js/dependencies-and-lockfile' 110.7037470000796ms
[NX v22.6.5 Daemon Server] - 2026-04-23T18:35:40.823Z - Time taken for 'build-project-configs' 144.05796100001317ms
[NX v22.6.5 Daemon Server] - 2026-04-23T18:35:40.823Z - Time taken for 'createNodes:merge' 0.3177129999967292ms
[NX v22.6.5 Daemon Server] - 2026-04-23T18:35:40.824Z - Time taken for 'get-all-workspace-files' 0.05265199998393655ms
Time taken for 'nx/js/dependencies-and-lockfile:createNodes' 1.012011000000001ms
[NX v22.6.5 Daemon Server] - 2026-04-23T18:35:40.825Z - [SYNC]: collect registered sync generators
[NX v22.6.5 Daemon Server] - 2026-04-23T18:35:40.825Z - [SYNC]: project graph hash is the same, not collecting task sync generators
[NX v22.6.5 Daemon Server] - 2026-04-23T18:35:40.825Z - [SYNC]: nx.json hash is the same, not collecting global sync generators
[NX v22.6.5 Daemon Server] - 2026-04-23T18:35:40.825Z - Time taken for 'total execution time for createProjectGraph()' 1.730204000021331ms
[NX v22.6.5 Daemon Server] - 2026-04-23T18:35:40.825Z - Time taken for 'createDependencies' 1.3128819999983534ms
[NX v22.6.5 Daemon Server] - 2026-04-23T18:35:40.825Z - Time taken for 'nx/js/dependencies-and-lockfile:createDependencies' 1.2835719999857247ms
[NX v22.6.5 Daemon Server] - 2026-04-23T18:35:40.825Z - Time taken for 'createMetadata' 0.006494999979622662ms
[NX v22.6.5 Daemon Server] - 2026-04-23T18:35:40.825Z - Time taken for 'serialize graph' 0.12665300001390278ms
[NX v22.6.5 Daemon Server] - 2026-04-23T18:35:44.680Z - [WATCHER]: specs/test-plans/001-order-validation-and-mapping.md was modified
[NX v22.6.5 Daemon Server] - 2026-04-23T18:35:44.680Z - [SYNC]: clearing sync generators cache due to file changes
[NX v22.6.5 Daemon Server] - 2026-04-23T18:35:44.680Z - [WATCHER]: Processing file changes in outputs
[NX v22.6.5 Daemon Server] - 2026-04-23T18:35:45.081Z - [REQUEST]: Updated workspace context based on watched changes, recomputing project graph...
[NX v22.6.5 Daemon Server] - 2026-04-23T18:35:45.081Z - [REQUEST]: specs/test-plans/001-order-validation-and-mapping.md
[NX v22.6.5 Daemon Server] - 2026-04-23T18:35:45.081Z - [REQUEST]: 
[NX v22.6.5 Daemon Server] - 2026-04-23T18:35:45.098Z - Time taken for 'hash changed files from watcher' 0.4374410000164062ms
Time taken for 'plugin worker 81325 code loading' 72.04657499999999ms
[NX v22.6.5 Daemon Server] - 2026-04-23T18:35:45.186Z - Time taken for 'start-plugin-worker:nx/js/dependencies-and-lockfile' 102.93179100006819ms
Time taken for 'plugin worker 81332 code loading' 67.514679ms
Time taken for 'plugin worker 81326 code loading' 72.635628ms
[NX v22.6.5 Daemon Server] - 2026-04-23T18:35:45.190Z - Time taken for 'start-plugin-worker:nx/core/project-json' 93.6160310000414ms
[NX v22.6.5 Daemon Server] - 2026-04-23T18:35:45.198Z - Time taken for 'start-plugin-worker:nx/core/package-json' 104.41625900007784ms
Time taken for 'nx/js/dependencies-and-lockfile:createNodes' 1.0416310000000095ms
[NX v22.6.5 Daemon Server] - 2026-04-23T18:35:45.227Z - Time taken for 'build-project-configs' 143.92343700001948ms
[NX v22.6.5 Daemon Server] - 2026-04-23T18:35:45.227Z - Time taken for 'createNodes:merge' 0.2230539999436587ms
[NX v22.6.5 Daemon Server] - 2026-04-23T18:35:45.227Z - Time taken for 'get-all-workspace-files' 0.05184099997859448ms
[NX v22.6.5 Daemon Server] - 2026-04-23T18:35:45.228Z - [SYNC]: collect registered sync generators
[NX v22.6.5 Daemon Server] - 2026-04-23T18:35:45.229Z - [SYNC]: project graph hash is the same, not collecting task sync generators
[NX v22.6.5 Daemon Server] - 2026-04-23T18:35:45.229Z - [SYNC]: nx.json hash is the same, not collecting global sync generators
[NX v22.6.5 Daemon Server] - 2026-04-23T18:35:45.229Z - Time taken for 'total execution time for createProjectGraph()' 1.824927999987267ms
[NX v22.6.5 Daemon Server] - 2026-04-23T18:35:45.229Z - Time taken for 'createDependencies' 1.4147050000028685ms
[NX v22.6.5 Daemon Server] - 2026-04-23T18:35:45.229Z - Time taken for 'nx/js/dependencies-and-lockfile:createDependencies' 1.3830529999686405ms
[NX v22.6.5 Daemon Server] - 2026-04-23T18:35:45.229Z - Time taken for 'createMetadata' 0.006914000026881695ms
[NX v22.6.5 Daemon Server] - 2026-04-23T18:35:45.229Z - Time taken for 'serialize graph' 0.12842000008095056ms
[NX v22.6.5 Daemon Server] - 2026-04-23T18:36:01.471Z - [WATCHER]: specs/design/000-core-transformation-pipeline.md was modified
[NX v22.6.5 Daemon Server] - 2026-04-23T18:36:01.471Z - [SYNC]: clearing sync generators cache due to file changes
[NX v22.6.5 Daemon Server] - 2026-04-23T18:36:01.471Z - [WATCHER]: Processing file changes in outputs
[NX v22.6.5 Daemon Server] - 2026-04-23T18:36:02.272Z - [REQUEST]: Updated workspace context based on watched changes, recomputing project graph...
[NX v22.6.5 Daemon Server] - 2026-04-23T18:36:02.273Z - [REQUEST]: specs/design/000-core-transformation-pipeline.md
[NX v22.6.5 Daemon Server] - 2026-04-23T18:36:02.273Z - [REQUEST]: 
[NX v22.6.5 Daemon Server] - 2026-04-23T18:36:02.292Z - Time taken for 'hash changed files from watcher' 0.43275400006677955ms
Time taken for 'plugin worker 81522 code loading' 72.450157ms
Time taken for 'plugin worker 81523 code loading' 71.42136099999999ms
Time taken for 'plugin worker 81529 code loading' 70.081893ms
[NX v22.6.5 Daemon Server] - 2026-04-23T18:36:02.379Z - Time taken for 'start-plugin-worker:nx/core/package-json' 94.42045400000643ms
[NX v22.6.5 Daemon Server] - 2026-04-23T18:36:02.386Z - Time taken for 'start-plugin-worker:nx/js/dependencies-and-lockfile' 112.2097589999903ms
[NX v22.6.5 Daemon Server] - 2026-04-23T18:36:02.386Z - Time taken for 'start-plugin-worker:nx/core/project-json' 97.05197899998166ms
[NX v22.6.5 Daemon Server] - 2026-04-23T18:36:02.421Z - Time taken for 'build-project-configs' 147.27991499996278ms
[NX v22.6.5 Daemon Server] - 2026-04-23T18:36:02.421Z - Time taken for 'createNodes:merge' 0.23733799997717142ms
[NX v22.6.5 Daemon Server] - 2026-04-23T18:36:02.421Z - Time taken for 'get-all-workspace-files' 0.051559000043198466ms
Time taken for 'nx/js/dependencies-and-lockfile:createNodes' 0.9984150000000227ms
[NX v22.6.5 Daemon Server] - 2026-04-23T18:36:02.423Z - [SYNC]: collect registered sync generators
[NX v22.6.5 Daemon Server] - 2026-04-23T18:36:02.423Z - [SYNC]: project graph hash is the same, not collecting task sync generators
[NX v22.6.5 Daemon Server] - 2026-04-23T18:36:02.423Z - [SYNC]: nx.json hash is the same, not collecting global sync generators
[NX v22.6.5 Daemon Server] - 2026-04-23T18:36:02.423Z - Time taken for 'total execution time for createProjectGraph()' 1.7409100000513718ms
[NX v22.6.5 Daemon Server] - 2026-04-23T18:36:02.423Z - Time taken for 'createDependencies' 1.3222200000891462ms
[NX v22.6.5 Daemon Server] - 2026-04-23T18:36:02.423Z - Time taken for 'nx/js/dependencies-and-lockfile:createDependencies' 1.2918079999508336ms
[NX v22.6.5 Daemon Server] - 2026-04-23T18:36:02.423Z - Time taken for 'createMetadata' 0.006563000031746924ms
[NX v22.6.5 Daemon Server] - 2026-04-23T18:36:02.423Z - Time taken for 'serialize graph' 0.13592999998945743ms
[NX v22.6.5 Daemon Server] - 2026-04-23T18:36:10.075Z - [WATCHER]: specs/adrs/002-immutable-records-with-init-setters.md was modified
[NX v22.6.5 Daemon Server] - 2026-04-23T18:36:10.076Z - [SYNC]: clearing sync generators cache due to file changes
[NX v22.6.5 Daemon Server] - 2026-04-23T18:36:10.076Z - [WATCHER]: Processing file changes in outputs
[NX v22.6.5 Daemon Server] - 2026-04-23T18:36:11.675Z - [REQUEST]: Updated workspace context based on watched changes, recomputing project graph...
[NX v22.6.5 Daemon Server] - 2026-04-23T18:36:11.675Z - [REQUEST]: specs/adrs/002-immutable-records-with-init-setters.md
[NX v22.6.5 Daemon Server] - 2026-04-23T18:36:11.675Z - [REQUEST]: 
[NX v22.6.5 Daemon Server] - 2026-04-23T18:36:11.701Z - Time taken for 'hash changed files from watcher' 0.3498439999530092ms
Time taken for 'plugin worker 81661 code loading' 68.59840799999999ms
[NX v22.6.5 Daemon Server] - 2026-04-23T18:36:11.785Z - Time taken for 'start-plugin-worker:nx/js/dependencies-and-lockfile' 107.78315599996131ms
Time taken for 'plugin worker 81668 code loading' 67.756799ms
Time taken for 'plugin worker 81662 code loading' 71.307404ms
[NX v22.6.5 Daemon Server] - 2026-04-23T18:36:11.793Z - Time taken for 'start-plugin-worker:nx/core/project-json' 98.82956099999137ms
[NX v22.6.5 Daemon Server] - 2026-04-23T18:36:11.795Z - Time taken for 'start-plugin-worker:nx/core/package-json' 108.96454499999527ms
Time taken for 'nx/js/dependencies-and-lockfile:createNodes' 1.7312690000000117ms
[NX v22.6.5 Daemon Server] - 2026-04-23T18:36:11.828Z - Time taken for 'build-project-configs' 150.7088849999709ms
[NX v22.6.5 Daemon Server] - 2026-04-23T18:36:11.829Z - Time taken for 'createNodes:merge' 0.3804740000050515ms
[NX v22.6.5 Daemon Server] - 2026-04-23T18:36:11.829Z - Time taken for 'get-all-workspace-files' 0.05687299999408424ms
[NX v22.6.5 Daemon Server] - 2026-04-23T18:36:11.831Z - [SYNC]: collect registered sync generators
[NX v22.6.5 Daemon Server] - 2026-04-23T18:36:11.831Z - [SYNC]: project graph hash is the same, not collecting task sync generators
[NX v22.6.5 Daemon Server] - 2026-04-23T18:36:11.831Z - [SYNC]: nx.json hash is the same, not collecting global sync generators
[NX v22.6.5 Daemon Server] - 2026-04-23T18:36:11.831Z - Time taken for 'total execution time for createProjectGraph()' 3.2170720000285655ms
[NX v22.6.5 Daemon Server] - 2026-04-23T18:36:11.831Z - Time taken for 'createDependencies' 2.4971890000160784ms
[NX v22.6.5 Daemon Server] - 2026-04-23T18:36:11.831Z - Time taken for 'nx/js/dependencies-and-lockfile:createDependencies' 2.4391540000215173ms
[NX v22.6.5 Daemon Server] - 2026-04-23T18:36:11.831Z - Time taken for 'createMetadata' 0.012242999975569546ms
[NX v22.6.5 Daemon Server] - 2026-04-23T18:36:11.831Z - Time taken for 'serialize graph' 0.15944700001273304ms
[NX v22.6.5 Daemon Server] - 2026-04-23T18:36:24.753Z - [WATCHER]: specs/features/003-web-ui-order-viewer.md was modified
[NX v22.6.5 Daemon Server] - 2026-04-23T18:36:24.753Z - [SYNC]: clearing sync generators cache due to file changes
[NX v22.6.5 Daemon Server] - 2026-04-23T18:36:24.753Z - [WATCHER]: Processing file changes in outputs
[NX v22.6.5 Daemon Server] - 2026-04-23T18:36:27.954Z - [REQUEST]: Updated workspace context based on watched changes, recomputing project graph...
[NX v22.6.5 Daemon Server] - 2026-04-23T18:36:27.954Z - [REQUEST]: specs/features/003-web-ui-order-viewer.md
[NX v22.6.5 Daemon Server] - 2026-04-23T18:36:27.954Z - [REQUEST]: 
[NX v22.6.5 Daemon Server] - 2026-04-23T18:36:27.973Z - Time taken for 'hash changed files from watcher' 0.2510580000234768ms
Time taken for 'plugin worker 81840 code loading' 63.255849ms
Time taken for 'plugin worker 81839 code loading' 64.426459ms
Time taken for 'plugin worker 81846 code loading' 62.108168ms
[NX v22.6.5 Daemon Server] - 2026-04-23T18:36:28.055Z - Time taken for 'start-plugin-worker:nx/js/dependencies-and-lockfile' 100.34954299998935ms
[NX v22.6.5 Daemon Server] - 2026-04-23T18:36:28.055Z - Time taken for 'start-plugin-worker:nx/core/project-json' 87.1143939999165ms
[NX v22.6.5 Daemon Server] - 2026-04-23T18:36:28.059Z - Time taken for 'start-plugin-worker:nx/core/package-json' 97.44739699992351ms
[NX v22.6.5 Daemon Server] - 2026-04-23T18:36:28.093Z - Time taken for 'build-project-configs' 136.60235099995043ms
[NX v22.6.5 Daemon Server] - 2026-04-23T18:36:28.093Z - Time taken for 'createNodes:merge' 0.6679210000438616ms
[NX v22.6.5 Daemon Server] - 2026-04-23T18:36:28.093Z - Time taken for 'get-all-workspace-files' 0.06324899999890476ms
Time taken for 'nx/js/dependencies-and-lockfile:createNodes' 1.4002239999999944ms
[NX v22.6.5 Daemon Server] - 2026-04-23T18:36:28.095Z - [SYNC]: collect registered sync generators
[NX v22.6.5 Daemon Server] - 2026-04-23T18:36:28.095Z - [SYNC]: project graph hash is the same, not collecting task sync generators
[NX v22.6.5 Daemon Server] - 2026-04-23T18:36:28.095Z - [SYNC]: nx.json hash is the same, not collecting global sync generators
[NX v22.6.5 Daemon Server] - 2026-04-23T18:36:28.095Z - Time taken for 'total execution time for createProjectGraph()' 2.8753840000135824ms
[NX v22.6.5 Daemon Server] - 2026-04-23T18:36:28.095Z - Time taken for 'createDependencies' 2.0201840000227094ms
[NX v22.6.5 Daemon Server] - 2026-04-23T18:36:28.095Z - Time taken for 'nx/js/dependencies-and-lockfile:createDependencies' 1.9622479999670759ms
[NX v22.6.5 Daemon Server] - 2026-04-23T18:36:28.095Z - Time taken for 'createMetadata' 0.01328700000885874ms
[NX v22.6.5 Daemon Server] - 2026-04-23T18:36:28.095Z - Time taken for 'serialize graph' 0.1651870000641793ms
[NX v22.6.5 Daemon Server] - 2026-04-23T18:36:30.550Z - [WATCHER]: specs/features/003-web-ui-order-viewer.md was modified
[NX v22.6.5 Daemon Server] - 2026-04-23T18:36:30.550Z - [SYNC]: clearing sync generators cache due to file changes
[NX v22.6.5 Daemon Server] - 2026-04-23T18:36:30.551Z - [WATCHER]: Processing file changes in outputs
[NX v22.6.5 Daemon Server] - 2026-04-23T18:36:36.951Z - [REQUEST]: Updated workspace context based on watched changes, recomputing project graph...
[NX v22.6.5 Daemon Server] - 2026-04-23T18:36:36.951Z - [REQUEST]: specs/features/003-web-ui-order-viewer.md
[NX v22.6.5 Daemon Server] - 2026-04-23T18:36:36.951Z - [REQUEST]: 
[NX v22.6.5 Daemon Server] - 2026-04-23T18:36:36.965Z - Time taken for 'hash changed files from watcher' 0.28776099998503923ms
Time taken for 'plugin worker 82012 code loading' 73.539456ms
Time taken for 'plugin worker 82006 code loading' 74.870266ms
[NX v22.6.5 Daemon Server] - 2026-04-23T18:36:37.062Z - Time taken for 'start-plugin-worker:nx/js/dependencies-and-lockfile' 109.68317599990405ms
Time taken for 'plugin worker 82005 code loading' 81.447006ms
[NX v22.6.5 Daemon Server] - 2026-04-23T18:36:37.066Z - Time taken for 'start-plugin-worker:nx/core/package-json' 107.61800899996888ms
[NX v22.6.5 Daemon Server] - 2026-04-23T18:36:37.066Z - Time taken for 'start-plugin-worker:nx/core/project-json' 104.05420400004368ms
Time taken for 'nx/js/dependencies-and-lockfile:createNodes' 1.9896030000000167ms
[NX v22.6.5 Daemon Server] - 2026-04-23T18:36:37.099Z - Time taken for 'build-project-configs' 145.8221430000849ms
[NX v22.6.5 Daemon Server] - 2026-04-23T18:36:37.099Z - Time taken for 'createNodes:merge' 0.31533600005786866ms
[NX v22.6.5 Daemon Server] - 2026-04-23T18:36:37.099Z - Time taken for 'get-all-workspace-files' 0.058228000067174435ms
[NX v22.6.5 Daemon Server] - 2026-04-23T18:36:37.102Z - [SYNC]: collect registered sync generators
[NX v22.6.5 Daemon Server] - 2026-04-23T18:36:37.102Z - [SYNC]: project graph hash is the same, not collecting task sync generators
[NX v22.6.5 Daemon Server] - 2026-04-23T18:36:37.102Z - [SYNC]: nx.json hash is the same, not collecting global sync generators
[NX v22.6.5 Daemon Server] - 2026-04-23T18:36:37.102Z - Time taken for 'total execution time for createProjectGraph()' 3.5453559999587014ms
[NX v22.6.5 Daemon Server] - 2026-04-23T18:36:37.102Z - Time taken for 'createDependencies' 2.7439200000371784ms
[NX v22.6.5 Daemon Server] - 2026-04-23T18:36:37.102Z - Time taken for 'nx/js/dependencies-and-lockfile:createDependencies' 2.639515000046231ms
[NX v22.6.5 Daemon Server] - 2026-04-23T18:36:37.102Z - Time taken for 'createMetadata' 0.024978999979794025ms
[NX v22.6.5 Daemon Server] - 2026-04-23T18:36:37.102Z - Time taken for 'serialize graph' 0.2093790000071749ms
[NX v22.6.5 Daemon Server] - 2026-04-23T18:36:49.808Z - [WATCHER]: README.md was modified
[NX v22.6.5 Daemon Server] - 2026-04-23T18:36:49.808Z - [SYNC]: clearing sync generators cache due to file changes
[NX v22.6.5 Daemon Server] - 2026-04-23T18:36:49.808Z - [WATCHER]: Processing file changes in outputs
[NX v22.6.5 Daemon Server] - 2026-04-23T18:36:56.209Z - [REQUEST]: Updated workspace context based on watched changes, recomputing project graph...
[NX v22.6.5 Daemon Server] - 2026-04-23T18:36:56.209Z - [REQUEST]: README.md
[NX v22.6.5 Daemon Server] - 2026-04-23T18:36:56.209Z - [REQUEST]: 
[NX v22.6.5 Daemon Server] - 2026-04-23T18:36:56.228Z - Time taken for 'hash changed files from watcher' 0.31320299999788404ms
Time taken for 'plugin worker 82228 code loading' 78.945863ms
[NX v22.6.5 Daemon Server] - 2026-04-23T18:36:56.323Z - Time taken for 'start-plugin-worker:nx/js/dependencies-and-lockfile' 113.17336999997497ms
Time taken for 'plugin worker 82229 code loading' 75.14433700000001ms
[NX v22.6.5 Daemon Server] - 2026-04-23T18:36:56.328Z - Time taken for 'start-plugin-worker:nx/core/package-json' 111.7211070000194ms
Time taken for 'plugin worker 82235 code loading' 74.64676ms
[NX v22.6.5 Daemon Server] - 2026-04-23T18:36:56.344Z - Time taken for 'start-plugin-worker:nx/core/project-json' 120.1143040000461ms
Time taken for 'nx/js/dependencies-and-lockfile:createNodes' 1.472473999999977ms
[NX v22.6.5 Daemon Server] - 2026-04-23T18:36:56.378Z - Time taken for 'build-project-configs' 166.94638999993913ms
[NX v22.6.5 Daemon Server] - 2026-04-23T18:36:56.378Z - Time taken for 'createNodes:merge' 0.3225160000147298ms
[NX v22.6.5 Daemon Server] - 2026-04-23T18:36:56.378Z - Time taken for 'get-all-workspace-files' 0.04978800006210804ms
[NX v22.6.5 Daemon Server] - 2026-04-23T18:36:56.381Z - [SYNC]: collect registered sync generators
[NX v22.6.5 Daemon Server] - 2026-04-23T18:36:56.381Z - [SYNC]: project graph hash is the same, not collecting task sync generators
[NX v22.6.5 Daemon Server] - 2026-04-23T18:36:56.381Z - [SYNC]: nx.json hash is the same, not collecting global sync generators
[NX v22.6.5 Daemon Server] - 2026-04-23T18:36:56.381Z - Time taken for 'total execution time for createProjectGraph()' 3.850535999983549ms
[NX v22.6.5 Daemon Server] - 2026-04-23T18:36:56.381Z - Time taken for 'createDependencies' 3.3075190000236034ms
[NX v22.6.5 Daemon Server] - 2026-04-23T18:36:56.381Z - Time taken for 'nx/js/dependencies-and-lockfile:createDependencies' 3.203590999939479ms
[NX v22.6.5 Daemon Server] - 2026-04-23T18:36:56.381Z - Time taken for 'createMetadata' 0.02655800001230091ms
[NX v22.6.5 Daemon Server] - 2026-04-23T18:36:56.381Z - Time taken for 'serialize graph' 0.22278999991249293ms
[NX v22.6.5 Daemon Server] - 2026-04-23T18:37:09.157Z - [WATCHER]: Processing file changes in outputs
[NX v22.6.5 Daemon Server] - 2026-04-23T18:37:09.158Z - [WATCHER]: CLAUDE.md was modified
[NX v22.6.5 Daemon Server] - 2026-04-23T18:37:09.158Z - [SYNC]: clearing sync generators cache due to file changes
[NX v22.6.5 Daemon Server] - 2026-04-23T18:37:15.559Z - [REQUEST]: Updated workspace context based on watched changes, recomputing project graph...
[NX v22.6.5 Daemon Server] - 2026-04-23T18:37:15.559Z - [REQUEST]: CLAUDE.md
[NX v22.6.5 Daemon Server] - 2026-04-23T18:37:15.559Z - [REQUEST]: 
[NX v22.6.5 Daemon Server] - 2026-04-23T18:37:15.576Z - Time taken for 'hash changed files from watcher' 0.40834100008942187ms
[NX v22.6.5 Daemon Server] - 2026-04-23T18:37:15.660Z - Time taken for 'start-plugin-worker:nx/js/dependencies-and-lockfile' 99.37895899999421ms
Time taken for 'plugin worker 82425 code loading' 68.631973ms
Time taken for 'plugin worker 82431 code loading' 64.731056ms
Time taken for 'plugin worker 82424 code loading' 71.06192300000001ms
[NX v22.6.5 Daemon Server] - 2026-04-23T18:37:15.664Z - Time taken for 'start-plugin-worker:nx/core/package-json' 97.08442099997774ms
[NX v22.6.5 Daemon Server] - 2026-04-23T18:37:15.667Z - Time taken for 'start-plugin-worker:nx/core/project-json' 94.73026600002777ms
[NX v22.6.5 Daemon Server] - 2026-04-23T18:37:15.699Z - Time taken for 'build-project-configs' 137.7754619999323ms
[NX v22.6.5 Daemon Server] - 2026-04-23T18:37:15.699Z - Time taken for 'createNodes:merge' 0.4889910001074895ms
[NX v22.6.5 Daemon Server] - 2026-04-23T18:37:15.699Z - Time taken for 'get-all-workspace-files' 0.06487199990078807ms
Time taken for 'nx/js/dependencies-and-lockfile:createNodes' 1.5251599999999996ms
[NX v22.6.5 Daemon Server] - 2026-04-23T18:37:15.701Z - [SYNC]: collect registered sync generators
[NX v22.6.5 Daemon Server] - 2026-04-23T18:37:15.701Z - [SYNC]: project graph hash is the same, not collecting task sync generators
[NX v22.6.5 Daemon Server] - 2026-04-23T18:37:15.701Z - [SYNC]: nx.json hash is the same, not collecting global sync generators
[NX v22.6.5 Daemon Server] - 2026-04-23T18:37:15.701Z - Time taken for 'total execution time for createProjectGraph()' 2.775880000088364ms
[NX v22.6.5 Daemon Server] - 2026-04-23T18:37:15.701Z - Time taken for 'createDependencies' 2.0039079999551177ms
[NX v22.6.5 Daemon Server] - 2026-04-23T18:37:15.701Z - Time taken for 'nx/js/dependencies-and-lockfile:createDependencies' 1.9509920000564307ms
[NX v22.6.5 Daemon Server] - 2026-04-23T18:37:15.701Z - Time taken for 'createMetadata' 0.009965999983251095ms
[NX v22.6.5 Daemon Server] - 2026-04-23T18:37:15.701Z - Time taken for 'serialize graph' 0.14861999999266118ms
[NX v22.6.5 Daemon Server] - 2026-04-23T18:37:21.863Z - [WATCHER]: Processing file changes in outputs
[NX v22.6.5 Daemon Server] - 2026-04-23T18:37:21.864Z - [WATCHER]: EVALUATION.md was modified
[NX v22.6.5 Daemon Server] - 2026-04-23T18:37:21.864Z - [SYNC]: clearing sync generators cache due to file changes
[NX v22.6.5 Daemon Server] - 2026-04-23T18:37:28.200Z - [WATCHER]: Processing file changes in outputs
[NX v22.6.5 Daemon Server] - 2026-04-23T18:37:28.201Z - [WATCHER]: specs/design/001-order-validation-and-mapping.md was modified
[NX v22.6.5 Daemon Server] - 2026-04-23T18:37:28.202Z - [SYNC]: clearing sync generators cache due to file changes
[NX v22.6.5 Daemon Server] - 2026-04-23T18:37:28.265Z - [REQUEST]: Updated workspace context based on watched changes, recomputing project graph...
[NX v22.6.5 Daemon Server] - 2026-04-23T18:37:28.265Z - [REQUEST]: EVALUATION.md,specs/design/001-order-validation-and-mapping.md
[NX v22.6.5 Daemon Server] - 2026-04-23T18:37:28.265Z - [REQUEST]: 
[NX v22.6.5 Daemon Server] - 2026-04-23T18:37:28.282Z - Time taken for 'hash changed files from watcher' 0.2774780000327155ms
Time taken for 'plugin worker 82584 code loading' 76.22583399999999ms
[NX v22.6.5 Daemon Server] - 2026-04-23T18:37:28.376Z - Time taken for 'start-plugin-worker:nx/js/dependencies-and-lockfile' 110.1314869999187ms
Time taken for 'plugin worker 82585 code loading' 74.340793ms
[NX v22.6.5 Daemon Server] - 2026-04-23T18:37:28.380Z - Time taken for 'start-plugin-worker:nx/core/package-json' 109.88077599997632ms
Time taken for 'plugin worker 82591 code loading' 103.930583ms
Time taken for 'nx/js/dependencies-and-lockfile:createNodes' 1.2010070000000042ms
[NX v22.6.5 Daemon Server] - 2026-04-23T18:37:28.417Z - Time taken for 'start-plugin-worker:nx/core/project-json' 141.06498600007035ms
[NX v22.6.5 Daemon Server] - 2026-04-23T18:37:28.447Z - Time taken for 'build-project-configs' 180.603281000047ms
[NX v22.6.5 Daemon Server] - 2026-04-23T18:37:28.448Z - Time taken for 'createNodes:merge' 0.6710580000653863ms
[NX v22.6.5 Daemon Server] - 2026-04-23T18:37:28.448Z - Time taken for 'get-all-workspace-files' 0.06668899999931455ms
[NX v22.6.5 Daemon Server] - 2026-04-23T18:37:28.451Z - [SYNC]: collect registered sync generators
[NX v22.6.5 Daemon Server] - 2026-04-23T18:37:28.451Z - [SYNC]: project graph hash is the same, not collecting task sync generators
[NX v22.6.5 Daemon Server] - 2026-04-23T18:37:28.451Z - [SYNC]: nx.json hash is the same, not collecting global sync generators
[NX v22.6.5 Daemon Server] - 2026-04-23T18:37:28.451Z - Time taken for 'total execution time for createProjectGraph()' 4.496780999936163ms
[NX v22.6.5 Daemon Server] - 2026-04-23T18:37:28.451Z - Time taken for 'createDependencies' 3.656351000070572ms
[NX v22.6.5 Daemon Server] - 2026-04-23T18:37:28.451Z - Time taken for 'nx/js/dependencies-and-lockfile:createDependencies' 3.588609000085853ms
[NX v22.6.5 Daemon Server] - 2026-04-23T18:37:28.452Z - Time taken for 'createMetadata' 0.013623999897390604ms
[NX v22.6.5 Daemon Server] - 2026-04-23T18:37:28.452Z - Time taken for 'serialize graph' 0.2535030000144616ms
[NX v22.6.5 Daemon Server] - 2026-04-23T18:37:33.331Z - [WATCHER]: specs/design/001-order-validation-and-mapping.md was modified
[NX v22.6.5 Daemon Server] - 2026-04-23T18:37:33.332Z - [SYNC]: clearing sync generators cache due to file changes
[NX v22.6.5 Daemon Server] - 2026-04-23T18:37:33.332Z - [WATCHER]: Processing file changes in outputs
[NX v22.6.5 Daemon Server] - 2026-04-23T18:37:38.737Z - [WATCHER]: specs/design/001-order-validation-and-mapping.md was modified
[NX v22.6.5 Daemon Server] - 2026-04-23T18:37:38.737Z - [SYNC]: clearing sync generators cache due to file changes
[NX v22.6.5 Daemon Server] - 2026-04-23T18:37:38.737Z - [WATCHER]: Processing file changes in outputs
[NX v22.6.5 Daemon Server] - 2026-04-23T18:37:39.732Z - [REQUEST]: Updated workspace context based on watched changes, recomputing project graph...
[NX v22.6.5 Daemon Server] - 2026-04-23T18:37:39.732Z - [REQUEST]: specs/design/001-order-validation-and-mapping.md
[NX v22.6.5 Daemon Server] - 2026-04-23T18:37:39.732Z - [REQUEST]: 
[NX v22.6.5 Daemon Server] - 2026-04-23T18:37:39.741Z - Time taken for 'hash changed files from watcher' 0.1919319999869913ms
Time taken for 'plugin worker 82781 code loading' 65.906758ms
[NX v22.6.5 Daemon Server] - 2026-04-23T18:37:39.831Z - Time taken for 'start-plugin-worker:nx/core/package-json' 95.04166800004896ms
Time taken for 'plugin worker 82780 code loading' 67.987189ms
Time taken for 'plugin worker 82783 code loading' 66.646669ms
[NX v22.6.5 Daemon Server] - 2026-04-23T18:37:39.835Z - Time taken for 'start-plugin-worker:nx/core/project-json' 96.79829499998596ms
[NX v22.6.5 Daemon Server] - 2026-04-23T18:37:39.838Z - Time taken for 'start-plugin-worker:nx/js/dependencies-and-lockfile' 105.76403399999253ms
[NX v22.6.5 Daemon Server] - 2026-04-23T18:37:39.875Z - Time taken for 'build-project-configs' 141.66181199997663ms
[NX v22.6.5 Daemon Server] - 2026-04-23T18:37:39.875Z - Time taken for 'createNodes:merge' 0.30140100000426173ms
[NX v22.6.5 Daemon Server] - 2026-04-23T18:37:39.875Z - Time taken for 'get-all-workspace-files' 0.05843400000594556ms
Time taken for 'nx/js/dependencies-and-lockfile:createNodes' 1.2122010000000216ms
[NX v22.6.5 Daemon Server] - 2026-04-23T18:37:39.876Z - [SYNC]: collect registered sync generators
[NX v22.6.5 Daemon Server] - 2026-04-23T18:37:39.876Z - [SYNC]: project graph hash is the same, not collecting task sync generators
[NX v22.6.5 Daemon Server] - 2026-04-23T18:37:39.876Z - [SYNC]: nx.json hash is the same, not collecting global sync generators
[NX v22.6.5 Daemon Server] - 2026-04-23T18:37:39.876Z - Time taken for 'total execution time for createProjectGraph()' 1.8606009999057278ms
[NX v22.6.5 Daemon Server] - 2026-04-23T18:37:39.876Z - Time taken for 'createDependencies' 1.3517680000513792ms
[NX v22.6.5 Daemon Server] - 2026-04-23T18:37:39.876Z - Time taken for 'nx/js/dependencies-and-lockfile:createDependencies' 1.3241309999721125ms
[NX v22.6.5 Daemon Server] - 2026-04-23T18:37:39.876Z - Time taken for 'createMetadata' 0.005878999945707619ms
[NX v22.6.5 Daemon Server] - 2026-04-23T18:37:39.876Z - Time taken for 'serialize graph' 0.13570700003765523ms
[NX v22.6.5 Daemon Server] - 2026-04-23T18:37:48.591Z - [WATCHER]: specs/features/002-order-date-validation.md was modified
[NX v22.6.5 Daemon Server] - 2026-04-23T18:37:48.591Z - [SYNC]: clearing sync generators cache due to file changes
[NX v22.6.5 Daemon Server] - 2026-04-23T18:37:48.591Z - [WATCHER]: Processing file changes in outputs
[NX v22.6.5 Daemon Server] - 2026-04-23T18:37:54.991Z - [REQUEST]: Updated workspace context based on watched changes, recomputing project graph...
[NX v22.6.5 Daemon Server] - 2026-04-23T18:37:54.992Z - [REQUEST]: specs/features/002-order-date-validation.md
[NX v22.6.5 Daemon Server] - 2026-04-23T18:37:54.992Z - [REQUEST]: 
[NX v22.6.5 Daemon Server] - 2026-04-23T18:37:55.012Z - Time taken for 'hash changed files from watcher' 0.4002790000522509ms
[NX v22.6.5 Daemon Server] - 2026-04-23T18:37:55.098Z - Time taken for 'start-plugin-worker:nx/core/package-json' 98.05264100001659ms
Time taken for 'plugin worker 82977 code loading' 67.39583099999999ms
Time taken for 'plugin worker 82976 code loading' 68.883803ms
Time taken for 'plugin worker 82983 code loading' 65.204301ms
[NX v22.6.5 Daemon Server] - 2026-04-23T18:37:55.106Z - Time taken for 'start-plugin-worker:nx/js/dependencies-and-lockfile' 113.67730500001926ms
[NX v22.6.5 Daemon Server] - 2026-04-23T18:37:55.107Z - Time taken for 'start-plugin-worker:nx/core/project-json' 99.69797899993137ms
[NX v22.6.5 Daemon Server] - 2026-04-23T18:37:55.144Z - Time taken for 'build-project-configs' 150.167531000101ms
[NX v22.6.5 Daemon Server] - 2026-04-23T18:37:55.145Z - Time taken for 'createNodes:merge' 0.3831269999500364ms
[NX v22.6.5 Daemon Server] - 2026-04-23T18:37:55.145Z - Time taken for 'get-all-workspace-files' 0.09886499994900078ms
Time taken for 'nx/js/dependencies-and-lockfile:createNodes' 1.3913909999999987ms
[NX v22.6.5 Daemon Server] - 2026-04-23T18:37:55.146Z - [SYNC]: collect registered sync generators
[NX v22.6.5 Daemon Server] - 2026-04-23T18:37:55.147Z - [SYNC]: project graph hash is the same, not collecting task sync generators
[NX v22.6.5 Daemon Server] - 2026-04-23T18:37:55.147Z - [SYNC]: nx.json hash is the same, not collecting global sync generators
[NX v22.6.5 Daemon Server] - 2026-04-23T18:37:55.147Z - Time taken for 'total execution time for createProjectGraph()' 3.271608999930322ms
[NX v22.6.5 Daemon Server] - 2026-04-23T18:37:55.147Z - Time taken for 'createDependencies' 2.0198330000275746ms
[NX v22.6.5 Daemon Server] - 2026-04-23T18:37:55.147Z - Time taken for 'nx/js/dependencies-and-lockfile:createDependencies' 1.9651709999889135ms
[NX v22.6.5 Daemon Server] - 2026-04-23T18:37:55.147Z - Time taken for 'createMetadata' 0.010224999976344407ms
[NX v22.6.5 Daemon Server] - 2026-04-23T18:37:55.147Z - Time taken for 'serialize graph' 0.15372099995147437ms
[NX v22.6.5 Daemon Server] - 2026-04-23T18:40:16.865Z - [WATCHER]: 0 file(s) created or restored, 0 file(s) modified, 31 file(s) deleted
[NX v22.6.5 Daemon Server] - 2026-04-23T18:40:16.865Z - [SYNC]: clearing sync generators cache due to file changes
[NX v22.6.5 Daemon Server] - 2026-04-23T18:40:16.865Z - [WATCHER]: Processing file changes in outputs
[NX v22.6.5 Daemon Server] - 2026-04-23T18:40:23.266Z - [REQUEST]: Updated workspace context based on watched changes, recomputing project graph...
[NX v22.6.5 Daemon Server] - 2026-04-23T18:40:23.266Z - [REQUEST]: 
[NX v22.6.5 Daemon Server] - 2026-04-23T18:40:23.266Z - [REQUEST]: src/OrderTransformer/appsettings.Development.json,src/OrderTransformer/Dockerfile,tests/OrderTransformer.Tests/Services/OrderValidatorServiceTests.cs,src/OrderTransformer/Services/FieldMappingService.cs,src/OrderTransformer/Services/IXmlParserService.cs,src/OrderTransformer/Services/IJsonTransformerService.cs,src/OrderTransformer/Services/OrderValidatorService.cs,src/OrderTransformer/Services/IFieldMappingService.cs,tests/OrderTransformer.Tests/Services/JsonTransformerServiceTests.cs,tests/OrderTransformer.Tests/OrderTransformer.Tests.csproj,src/OrderTransformer/Services/JsonTransformerService.cs,tests/OrderTransformer.Tests/Worker/TransformationPipelineTests.cs,tests/OrderTransformer.Tests/TestData/valid-order.xml,src/OrderTransformer/Program.cs,src/OrderTransformer/appsettings.json,src/OrderTransformer/Models/OrderModels.cs,src/OrderTransformer/Services/BlobStorageService.cs,src/OrderTransformer/Models/TransformationResult.cs,src/OrderTransformer/Models/ValidationError.cs,src/OrderTransformer/Services/IBlobStorageService.cs,tests/OrderTransformer.Tests/Services/XmlParserServiceTests.cs,src/OrderTransformer/Worker/TransformationPipeline.cs,src/OrderTransformer/Api/OrderEndpoints.cs,tests/OrderTransformer.Tests/TestData/invalid-order.xml,src/OrderTransformer/Services/XmlParserService.cs,src/OrderTransformer/Api/StatusEndpoints.cs,src/OrderTransformer/OrderTransformer.csproj,src/OrderTransformer/Services/IOrderValidatorService.cs,tests/OrderTransformer.Tests/Services/FieldMappingServiceTests.cs,src/OrderTransformer/Worker/BlobPollingWorker.cs,coding-assessment.sln
[NX v22.6.5 Daemon Server] - 2026-04-23T18:40:23.283Z - Time taken for 'hash changed files from watcher' 0.14692999981343746ms
Time taken for 'plugin worker 84180 code loading' 69.011815ms
Time taken for 'plugin worker 84181 code loading' 70.380968ms
Time taken for 'plugin worker 84187 code loading' 69.791869ms
[NX v22.6.5 Daemon Server] - 2026-04-23T18:40:23.374Z - Time taken for 'start-plugin-worker:nx/js/dependencies-and-lockfile' 107.57727700006217ms
[NX v22.6.5 Daemon Server] - 2026-04-23T18:40:23.374Z - Time taken for 'start-plugin-worker:nx/core/project-json' 96.88911700015888ms
[NX v22.6.5 Daemon Server] - 2026-04-23T18:40:23.380Z - Time taken for 'start-plugin-worker:nx/core/package-json' 108.35769299999811ms
Time taken for 'nx/js/dependencies-and-lockfile:createNodes' 1.5801529999999957ms
[NX v22.6.5 Daemon Server] - 2026-04-23T18:40:23.423Z - Time taken for 'build-project-configs' 155.02209799992852ms
[NX v22.6.5 Daemon Server] - 2026-04-23T18:40:23.423Z - Time taken for 'createNodes:merge' 0.2337070000357926ms
[NX v22.6.5 Daemon Server] - 2026-04-23T18:40:23.423Z - Time taken for 'get-all-workspace-files' 0.025108000030741096ms
[NX v22.6.5 Daemon Server] - 2026-04-23T18:40:23.425Z - [SYNC]: collect registered sync generators
[NX v22.6.5 Daemon Server] - 2026-04-23T18:40:23.425Z - [SYNC]: project graph hash is the same, not collecting task sync generators
[NX v22.6.5 Daemon Server] - 2026-04-23T18:40:23.425Z - [SYNC]: nx.json hash is the same, not collecting global sync generators
[NX v22.6.5 Daemon Server] - 2026-04-23T18:40:23.425Z - Time taken for 'total execution time for createProjectGraph()' 2.9872510000132024ms
[NX v22.6.5 Daemon Server] - 2026-04-23T18:40:23.425Z - Time taken for 'createDependencies' 2.4129489997867495ms
[NX v22.6.5 Daemon Server] - 2026-04-23T18:40:23.425Z - Time taken for 'nx/js/dependencies-and-lockfile:createDependencies' 2.372397999977693ms
[NX v22.6.5 Daemon Server] - 2026-04-23T18:40:23.425Z - Time taken for 'createMetadata' 0.0091709999833256ms
[NX v22.6.5 Daemon Server] - 2026-04-23T18:40:23.425Z - Time taken for 'serialize graph' 0.1400940001476556ms
[NX v22.6.5 Daemon Server] - 2026-04-23T18:40:25.367Z - [WATCHER]: docs/superpowers/specs/2026-04-23-nodejs-fastify-port-design.md was deleted
[NX v22.6.5 Daemon Server] - 2026-04-23T18:40:25.367Z - [SYNC]: clearing sync generators cache due to file changes
[NX v22.6.5 Daemon Server] - 2026-04-23T18:40:25.367Z - [WATCHER]: Processing file changes in outputs
[NX v22.6.5 Daemon Server] - 2026-04-23T18:40:31.768Z - [REQUEST]: Updated workspace context based on watched changes, recomputing project graph...
[NX v22.6.5 Daemon Server] - 2026-04-23T18:40:31.768Z - [REQUEST]: 
[NX v22.6.5 Daemon Server] - 2026-04-23T18:40:31.768Z - [REQUEST]: docs/superpowers/specs/2026-04-23-nodejs-fastify-port-design.md
[NX v22.6.5 Daemon Server] - 2026-04-23T18:40:31.784Z - Time taken for 'hash changed files from watcher' 0.16035600006580353ms
Time taken for 'plugin worker 84353 code loading' 72.088524ms
Time taken for 'plugin worker 84359 code loading' 69.02831800000001ms
Time taken for 'plugin worker 84352 code loading' 77.198104ms
[NX v22.6.5 Daemon Server] - 2026-04-23T18:40:31.878Z - Time taken for 'start-plugin-worker:nx/js/dependencies-and-lockfile' 108.65987100009806ms
[NX v22.6.5 Daemon Server] - 2026-04-23T18:40:31.878Z - Time taken for 'start-plugin-worker:nx/core/project-json' 96.83211000007577ms
[NX v22.6.5 Daemon Server] - 2026-04-23T18:40:31.885Z - Time taken for 'start-plugin-worker:nx/core/package-json' 108.28231100016274ms
Time taken for 'nx/js/dependencies-and-lockfile:createNodes' 1.982371999999998ms
[NX v22.6.5 Daemon Server] - 2026-04-23T18:40:31.921Z - Time taken for 'build-project-configs' 151.49614299996756ms
[NX v22.6.5 Daemon Server] - 2026-04-23T18:40:31.921Z - Time taken for 'createNodes:merge' 0.4274299999233335ms
[NX v22.6.5 Daemon Server] - 2026-04-23T18:40:31.921Z - Time taken for 'get-all-workspace-files' 0.03507700003683567ms
[NX v22.6.5 Daemon Server] - 2026-04-23T18:40:31.924Z - [SYNC]: collect registered sync generators
[NX v22.6.5 Daemon Server] - 2026-04-23T18:40:31.924Z - [SYNC]: project graph hash is the same, not collecting task sync generators
[NX v22.6.5 Daemon Server] - 2026-04-23T18:40:31.924Z - [SYNC]: nx.json hash is the same, not collecting global sync generators
[NX v22.6.5 Daemon Server] - 2026-04-23T18:40:31.924Z - Time taken for 'total execution time for createProjectGraph()' 2.753832000074908ms
[NX v22.6.5 Daemon Server] - 2026-04-23T18:40:31.924Z - Time taken for 'createDependencies' 2.151247999863699ms
[NX v22.6.5 Daemon Server] - 2026-04-23T18:40:31.924Z - Time taken for 'nx/js/dependencies-and-lockfile:createDependencies' 2.0959129999391735ms
[NX v22.6.5 Daemon Server] - 2026-04-23T18:40:31.924Z - Time taken for 'createMetadata' 0.017583000008016825ms
[NX v22.6.5 Daemon Server] - 2026-04-23T18:40:31.924Z - Time taken for 'serialize graph' 0.23363000014796853ms
[NX v22.6.5 Daemon Server] - 2026-04-23T18:40:34.267Z - [WATCHER]: EVALUATION.md was modified
[NX v22.6.5 Daemon Server] - 2026-04-23T18:40:34.267Z - [SYNC]: clearing sync generators cache due to file changes
[NX v22.6.5 Daemon Server] - 2026-04-23T18:40:34.267Z - [WATCHER]: Processing file changes in outputs
[NX v22.6.5 Daemon Server] - 2026-04-23T18:40:38.774Z - [WATCHER]: EVALUATION.md was modified
[NX v22.6.5 Daemon Server] - 2026-04-23T18:40:38.774Z - [SYNC]: clearing sync generators cache due to file changes
[NX v22.6.5 Daemon Server] - 2026-04-23T18:40:38.774Z - [WATCHER]: Processing file changes in outputs
[NX v22.6.5 Daemon Server] - 2026-04-23T18:40:40.668Z - [REQUEST]: Updated workspace context based on watched changes, recomputing project graph...
[NX v22.6.5 Daemon Server] - 2026-04-23T18:40:40.668Z - [REQUEST]: EVALUATION.md
[NX v22.6.5 Daemon Server] - 2026-04-23T18:40:40.668Z - [REQUEST]: 
[NX v22.6.5 Daemon Server] - 2026-04-23T18:40:40.682Z - Time taken for 'hash changed files from watcher' 0.20519400015473366ms
Time taken for 'plugin worker 84523 code loading' 72.334448ms
Time taken for 'plugin worker 84524 code loading' 72.96266600000001ms
[NX v22.6.5 Daemon Server] - 2026-04-23T18:40:40.776Z - Time taken for 'start-plugin-worker:nx/js/dependencies-and-lockfile' 107.75419200002216ms
Time taken for 'plugin worker 84530 code loading' 72.283429ms
[NX v22.6.5 Daemon Server] - 2026-04-23T18:40:40.781Z - Time taken for 'start-plugin-worker:nx/core/package-json' 108.18770199990831ms
[NX v22.6.5 Daemon Server] - 2026-04-23T18:40:40.787Z - Time taken for 'start-plugin-worker:nx/core/project-json' 108.37423499999568ms
Time taken for 'nx/js/dependencies-and-lockfile:createNodes' 1.6137980000000027ms
[NX v22.6.5 Daemon Server] - 2026-04-23T18:40:40.819Z - Time taken for 'build-project-configs' 150.33873399998993ms
[NX v22.6.5 Daemon Server] - 2026-04-23T18:40:40.819Z - Time taken for 'createNodes:merge' 0.24454599991440773ms
[NX v22.6.5 Daemon Server] - 2026-04-23T18:40:40.819Z - Time taken for 'get-all-workspace-files' 0.02629399998113513ms
[NX v22.6.5 Daemon Server] - 2026-04-23T18:40:40.821Z - [SYNC]: collect registered sync generators
[NX v22.6.5 Daemon Server] - 2026-04-23T18:40:40.821Z - [SYNC]: project graph hash is the same, not collecting task sync generators
[NX v22.6.5 Daemon Server] - 2026-04-23T18:40:40.821Z - [SYNC]: nx.json hash is the same, not collecting global sync generators
[NX v22.6.5 Daemon Server] - 2026-04-23T18:40:40.821Z - Time taken for 'total execution time for createProjectGraph()' 2.246476999949664ms
[NX v22.6.5 Daemon Server] - 2026-04-23T18:40:40.821Z - Time taken for 'createDependencies' 1.8598470001015812ms
[NX v22.6.5 Daemon Server] - 2026-04-23T18:40:40.821Z - Time taken for 'nx/js/dependencies-and-lockfile:createDependencies' 1.8327820000704378ms
[NX v22.6.5 Daemon Server] - 2026-04-23T18:40:40.821Z - Time taken for 'createMetadata' 0.007043999852612615ms
[NX v22.6.5 Daemon Server] - 2026-04-23T18:40:40.821Z - Time taken for 'serialize graph' 0.166143000125885ms
[NX v22.6.5 Daemon Server] - 2026-04-23T18:40:42.345Z - [WATCHER]: specs/features/003-web-ui-order-viewer.md was modified
[NX v22.6.5 Daemon Server] - 2026-04-23T18:40:42.345Z - [SYNC]: clearing sync generators cache due to file changes
[NX v22.6.5 Daemon Server] - 2026-04-23T18:40:42.345Z - [WATCHER]: Processing file changes in outputs
[NX v22.6.5 Daemon Server] - 2026-04-23T18:40:45.768Z - [WATCHER]: NEW-FEATURE.md was modified
[NX v22.6.5 Daemon Server] - 2026-04-23T18:40:45.768Z - [SYNC]: clearing sync generators cache due to file changes
[NX v22.6.5 Daemon Server] - 2026-04-23T18:40:45.768Z - [WATCHER]: Processing file changes in outputs
[NX v22.6.5 Daemon Server] - 2026-04-23T18:40:48.746Z - [REQUEST]: Updated workspace context based on watched changes, recomputing project graph...
[NX v22.6.5 Daemon Server] - 2026-04-23T18:40:48.746Z - [REQUEST]: specs/features/003-web-ui-order-viewer.md,NEW-FEATURE.md
[NX v22.6.5 Daemon Server] - 2026-04-23T18:40:48.746Z - [REQUEST]: 
[NX v22.6.5 Daemon Server] - 2026-04-23T18:40:48.763Z - Time taken for 'hash changed files from watcher' 0.29827099991962314ms
Time taken for 'plugin worker 84669 code loading' 74.756744ms
[NX v22.6.5 Daemon Server] - 2026-04-23T18:40:48.858Z - Time taken for 'start-plugin-worker:nx/js/dependencies-and-lockfile' 111.44360299990512ms
Time taken for 'plugin worker 84676 code loading' 79.54894300000001ms
Time taken for 'plugin worker 84670 code loading' 89.890328ms
[NX v22.6.5 Daemon Server] - 2026-04-23T18:40:48.875Z - Time taken for 'start-plugin-worker:nx/core/package-json' 123.03165399981663ms
[NX v22.6.5 Daemon Server] - 2026-04-23T18:40:48.879Z - Time taken for 'start-plugin-worker:nx/core/project-json' 120.21898699994199ms
Time taken for 'nx/js/dependencies-and-lockfile:createNodes' 1.515213999999986ms
[NX v22.6.5 Daemon Server] - 2026-04-23T18:40:48.913Z - Time taken for 'build-project-configs' 164.9034029999748ms
[NX v22.6.5 Daemon Server] - 2026-04-23T18:40:48.913Z - Time taken for 'createNodes:merge' 0.44590699998661876ms
[NX v22.6.5 Daemon Server] - 2026-04-23T18:40:48.913Z - Time taken for 'get-all-workspace-files' 0.02447299985215068ms
[NX v22.6.5 Daemon Server] - 2026-04-23T18:40:48.916Z - [SYNC]: collect registered sync generators
[NX v22.6.5 Daemon Server] - 2026-04-23T18:40:48.916Z - [SYNC]: project graph hash is the same, not collecting task sync generators
[NX v22.6.5 Daemon Server] - 2026-04-23T18:40:48.916Z - [SYNC]: nx.json hash is the same, not collecting global sync generators
[NX v22.6.5 Daemon Server] - 2026-04-23T18:40:48.917Z - Time taken for 'total execution time for createProjectGraph()' 4.589761999901384ms
[NX v22.6.5 Daemon Server] - 2026-04-23T18:40:48.917Z - Time taken for 'createDependencies' 3.707302999915555ms
[NX v22.6.5 Daemon Server] - 2026-04-23T18:40:48.917Z - Time taken for 'nx/js/dependencies-and-lockfile:createDependencies' 3.6122609998565167ms
[NX v22.6.5 Daemon Server] - 2026-04-23T18:40:48.917Z - Time taken for 'createMetadata' 0.021712000016123056ms
[NX v22.6.5 Daemon Server] - 2026-04-23T18:40:48.917Z - Time taken for 'serialize graph' 0.21238499996252358ms
[NX v22.6.5 Daemon Server] - 2026-04-23T18:40:58.026Z - [WATCHER]: .claude/commands/build.md was modified
[NX v22.6.5 Daemon Server] - 2026-04-23T18:40:58.027Z - [SYNC]: clearing sync generators cache due to file changes
[NX v22.6.5 Daemon Server] - 2026-04-23T18:40:58.027Z - [WATCHER]: Processing file changes in outputs
[NX v22.6.5 Daemon Server] - 2026-04-23T18:41:04.427Z - [REQUEST]: Updated workspace context based on watched changes, recomputing project graph...
[NX v22.6.5 Daemon Server] - 2026-04-23T18:41:04.427Z - [REQUEST]: .claude/commands/build.md
[NX v22.6.5 Daemon Server] - 2026-04-23T18:41:04.427Z - [REQUEST]: 
[NX v22.6.5 Daemon Server] - 2026-04-23T18:41:04.444Z - Time taken for 'hash changed files from watcher' 0.15653899987228215ms
Time taken for 'plugin worker 84873 code loading' 72.24984ms
[NX v22.6.5 Daemon Server] - 2026-04-23T18:41:04.529Z - Time taken for 'start-plugin-worker:nx/js/dependencies-and-lockfile' 101.59433300001547ms
Time taken for 'plugin worker 84880 code loading' 71.34297000000001ms
Time taken for 'plugin worker 84874 code loading' 74.452215ms
[NX v22.6.5 Daemon Server] - 2026-04-23T18:41:04.539Z - Time taken for 'start-plugin-worker:nx/core/package-json' 107.1025630000513ms
[NX v22.6.5 Daemon Server] - 2026-04-23T18:41:04.539Z - Time taken for 'start-plugin-worker:nx/core/project-json' 100.43170899990946ms
Time taken for 'nx/js/dependencies-and-lockfile:createNodes' 2.0575529999999844ms
[NX v22.6.5 Daemon Server] - 2026-04-23T18:41:04.579Z - Time taken for 'build-project-configs' 150.12431900016963ms
[NX v22.6.5 Daemon Server] - 2026-04-23T18:41:04.579Z - Time taken for 'createNodes:merge' 0.38499699998646975ms
[NX v22.6.5 Daemon Server] - 2026-04-23T18:41:04.579Z - Time taken for 'get-all-workspace-files' 0.038413000060245395ms
[NX v22.6.5 Daemon Server] - 2026-04-23T18:41:04.582Z - [SYNC]: collect registered sync generators
[NX v22.6.5 Daemon Server] - 2026-04-23T18:41:04.583Z - [SYNC]: project graph hash is the same, not collecting task sync generators
[NX v22.6.5 Daemon Server] - 2026-04-23T18:41:04.583Z - [SYNC]: nx.json hash is the same, not collecting global sync generators
[NX v22.6.5 Daemon Server] - 2026-04-23T18:41:04.583Z - Time taken for 'total execution time for createProjectGraph()' 4.331264000153169ms
[NX v22.6.5 Daemon Server] - 2026-04-23T18:41:04.583Z - Time taken for 'createDependencies' 3.4969889998901635ms
[NX v22.6.5 Daemon Server] - 2026-04-23T18:41:04.583Z - Time taken for 'nx/js/dependencies-and-lockfile:createDependencies' 3.4215730000287294ms
[NX v22.6.5 Daemon Server] - 2026-04-23T18:41:04.583Z - Time taken for 'createMetadata' 0.01793500012718141ms
[NX v22.6.5 Daemon Server] - 2026-04-23T18:41:04.583Z - Time taken for 'serialize graph' 0.17323499987833202ms
[NX v22.6.5 Daemon Server] - 2026-04-23T18:41:05.689Z - [WATCHER]: .claude/commands/code.md was modified
[NX v22.6.5 Daemon Server] - 2026-04-23T18:41:05.689Z - [SYNC]: clearing sync generators cache due to file changes
[NX v22.6.5 Daemon Server] - 2026-04-23T18:41:05.689Z - [WATCHER]: Processing file changes in outputs
[NX v22.6.5 Daemon Server] - 2026-04-23T18:41:12.089Z - [REQUEST]: Updated workspace context based on watched changes, recomputing project graph...
[NX v22.6.5 Daemon Server] - 2026-04-23T18:41:12.090Z - [REQUEST]: .claude/commands/code.md
[NX v22.6.5 Daemon Server] - 2026-04-23T18:41:12.090Z - [REQUEST]: 
[NX v22.6.5 Daemon Server] - 2026-04-23T18:41:12.112Z - Time taken for 'hash changed files from watcher' 0.31714200018905103ms
Time taken for 'plugin worker 85008 code loading' 66.656138ms
[NX v22.6.5 Daemon Server] - 2026-04-23T18:41:12.204Z - Time taken for 'start-plugin-worker:nx/js/dependencies-and-lockfile' 113.57020499999635ms
[NX v22.6.5 Daemon Server] - 2026-04-23T18:41:12.208Z - Time taken for 'start-plugin-worker:nx/core/package-json' 109.00686899991706ms
Time taken for 'plugin worker 85015 code loading' 73.23737299999999ms
Time taken for 'plugin worker 85009 code loading' 73.24001799999999ms
[NX v22.6.5 Daemon Server] - 2026-04-23T18:41:12.214Z - Time taken for 'start-plugin-worker:nx/core/project-json' 108.81027000001632ms
Time taken for 'nx/js/dependencies-and-lockfile:createNodes' 1.1308679999999924ms
[NX v22.6.5 Daemon Server] - 2026-04-23T18:41:12.245Z - Time taken for 'build-project-configs' 153.50817700009793ms
[NX v22.6.5 Daemon Server] - 2026-04-23T18:41:12.245Z - Time taken for 'createNodes:merge' 0.3506610000040382ms
[NX v22.6.5 Daemon Server] - 2026-04-23T18:41:12.245Z - Time taken for 'get-all-workspace-files' 0.025670000119134784ms
[NX v22.6.5 Daemon Server] - 2026-04-23T18:41:12.248Z - [SYNC]: collect registered sync generators
[NX v22.6.5 Daemon Server] - 2026-04-23T18:41:12.248Z - [SYNC]: project graph hash is the same, not collecting task sync generators
[NX v22.6.5 Daemon Server] - 2026-04-23T18:41:12.248Z - [SYNC]: nx.json hash is the same, not collecting global sync generators
[NX v22.6.5 Daemon Server] - 2026-04-23T18:41:12.248Z - Time taken for 'total execution time for createProjectGraph()' 3.370742999948561ms
[NX v22.6.5 Daemon Server] - 2026-04-23T18:41:12.248Z - Time taken for 'createDependencies' 2.5825420001056045ms
[NX v22.6.5 Daemon Server] - 2026-04-23T18:41:12.248Z - Time taken for 'nx/js/dependencies-and-lockfile:createDependencies' 2.5040400000289083ms
[NX v22.6.5 Daemon Server] - 2026-04-23T18:41:12.248Z - Time taken for 'createMetadata' 0.018548000138252974ms
[NX v22.6.5 Daemon Server] - 2026-04-23T18:41:12.248Z - Time taken for 'serialize graph' 0.17880099988542497ms
[NX v22.6.5 Daemon Server] - 2026-04-23T18:41:13.348Z - [WATCHER]: .claude/commands/debug.md was modified
[NX v22.6.5 Daemon Server] - 2026-04-23T18:41:13.348Z - [SYNC]: clearing sync generators cache due to file changes
[NX v22.6.5 Daemon Server] - 2026-04-23T18:41:13.348Z - [WATCHER]: Processing file changes in outputs
[NX v22.6.5 Daemon Server] - 2026-04-23T18:41:19.750Z - [REQUEST]: Updated workspace context based on watched changes, recomputing project graph...
[NX v22.6.5 Daemon Server] - 2026-04-23T18:41:19.750Z - [REQUEST]: .claude/commands/debug.md
[NX v22.6.5 Daemon Server] - 2026-04-23T18:41:19.750Z - [REQUEST]: 
[NX v22.6.5 Daemon Server] - 2026-04-23T18:41:19.773Z - Time taken for 'hash changed files from watcher' 0.3988359998911619ms
Time taken for 'plugin worker 85149 code loading' 74.37963099999999ms
Time taken for 'plugin worker 85150 code loading' 73.85171ms
Time taken for 'plugin worker 85154 code loading' 73.240938ms
[NX v22.6.5 Daemon Server] - 2026-04-23T18:41:19.870Z - Time taken for 'start-plugin-worker:nx/core/package-json' 109.02762599987909ms
[NX v22.6.5 Daemon Server] - 2026-04-23T18:41:19.878Z - Time taken for 'start-plugin-worker:nx/js/dependencies-and-lockfile' 126.6253700000234ms
[NX v22.6.5 Daemon Server] - 2026-04-23T18:41:19.878Z - Time taken for 'start-plugin-worker:nx/core/project-json' 109.4795330001507ms
[NX v22.6.5 Daemon Server] - 2026-04-23T18:41:19.917Z - Time taken for 'build-project-configs' 165.60173800005578ms
[NX v22.6.5 Daemon Server] - 2026-04-23T18:41:19.917Z - Time taken for 'createNodes:merge' 0.3898799999151379ms
[NX v22.6.5 Daemon Server] - 2026-04-23T18:41:19.917Z - Time taken for 'get-all-workspace-files' 0.030805000104010105ms
Time taken for 'nx/js/dependencies-and-lockfile:createNodes' 1.819956999999988ms
[NX v22.6.5 Daemon Server] - 2026-04-23T18:41:19.919Z - [SYNC]: collect registered sync generators
[NX v22.6.5 Daemon Server] - 2026-04-23T18:41:19.919Z - [SYNC]: project graph hash is the same, not collecting task sync generators
[NX v22.6.5 Daemon Server] - 2026-04-23T18:41:19.919Z - [SYNC]: nx.json hash is the same, not collecting global sync generators
[NX v22.6.5 Daemon Server] - 2026-04-23T18:41:19.919Z - Time taken for 'total execution time for createProjectGraph()' 2.1904390000272542ms
[NX v22.6.5 Daemon Server] - 2026-04-23T18:41:19.919Z - Time taken for 'createDependencies' 1.541054000146687ms
[NX v22.6.5 Daemon Server] - 2026-04-23T18:41:19.919Z - Time taken for 'nx/js/dependencies-and-lockfile:createDependencies' 1.4950510000344366ms
[NX v22.6.5 Daemon Server] - 2026-04-23T18:41:19.919Z - Time taken for 'createMetadata' 0.011375000001862645ms
[NX v22.6.5 Daemon Server] - 2026-04-23T18:41:19.919Z - Time taken for 'serialize graph' 0.14695199998095632ms
[NX v22.6.5 Daemon Server] - 2026-04-23T18:41:21.681Z - [WATCHER]: Processing file changes in outputs
[NX v22.6.5 Daemon Server] - 2026-04-23T18:41:21.681Z - [WATCHER]: .claude/commands/test.md was modified
[NX v22.6.5 Daemon Server] - 2026-04-23T18:41:21.681Z - [SYNC]: clearing sync generators cache due to file changes
[NX v22.6.5 Daemon Server] - 2026-04-23T18:41:28.082Z - [REQUEST]: Updated workspace context based on watched changes, recomputing project graph...
[NX v22.6.5 Daemon Server] - 2026-04-23T18:41:28.082Z - [REQUEST]: .claude/commands/test.md
[NX v22.6.5 Daemon Server] - 2026-04-23T18:41:28.082Z - [REQUEST]: 
[NX v22.6.5 Daemon Server] - 2026-04-23T18:41:28.095Z - Time taken for 'hash changed files from watcher' 0.4237609999254346ms
Time taken for 'plugin worker 85283 code loading' 71.650789ms
[NX v22.6.5 Daemon Server] - 2026-04-23T18:41:28.182Z - Time taken for 'start-plugin-worker:nx/js/dependencies-and-lockfile' 98.34599100006744ms
Time taken for 'plugin worker 85284 code loading' 68.441284ms
[NX v22.6.5 Daemon Server] - 2026-04-23T18:41:28.188Z - Time taken for 'start-plugin-worker:nx/core/package-json' 97.51607600017451ms
Time taken for 'plugin worker 85290 code loading' 70.367428ms
[NX v22.6.5 Daemon Server] - 2026-04-23T18:41:28.199Z - Time taken for 'start-plugin-worker:nx/core/project-json' 105.67985499999486ms
Time taken for 'nx/js/dependencies-and-lockfile:createNodes' 1.0329520000000088ms
[NX v22.6.5 Daemon Server] - 2026-04-23T18:41:28.227Z - Time taken for 'build-project-configs' 142.9500339999795ms
[NX v22.6.5 Daemon Server] - 2026-04-23T18:41:28.227Z - Time taken for 'createNodes:merge' 0.22541199997067451ms
[NX v22.6.5 Daemon Server] - 2026-04-23T18:41:28.227Z - Time taken for 'get-all-workspace-files' 0.02132500009611249ms
[NX v22.6.5 Daemon Server] - 2026-04-23T18:41:28.228Z - [SYNC]: collect registered sync generators
[NX v22.6.5 Daemon Server] - 2026-04-23T18:41:28.228Z - [SYNC]: project graph hash is the same, not collecting task sync generators
[NX v22.6.5 Daemon Server] - 2026-04-23T18:41:28.228Z - [SYNC]: nx.json hash is the same, not collecting global sync generators
[NX v22.6.5 Daemon Server] - 2026-04-23T18:41:28.228Z - Time taken for 'total execution time for createProjectGraph()' 1.9699959999416023ms
[NX v22.6.5 Daemon Server] - 2026-04-23T18:41:28.228Z - Time taken for 'createDependencies' 1.5807560000102967ms
[NX v22.6.5 Daemon Server] - 2026-04-23T18:41:28.228Z - Time taken for 'nx/js/dependencies-and-lockfile:createDependencies' 1.549834999954328ms
[NX v22.6.5 Daemon Server] - 2026-04-23T18:41:28.228Z - Time taken for 'createMetadata' 0.008077999809756875ms
[NX v22.6.5 Daemon Server] - 2026-04-23T18:41:28.229Z - Time taken for 'serialize graph' 0.14652700000442564ms
[NX v22.6.5 Daemon Server] - 2026-04-23T18:41:29.977Z - [WATCHER]: specs/design/TEMPLATE.md was modified
[NX v22.6.5 Daemon Server] - 2026-04-23T18:41:29.977Z - [SYNC]: clearing sync generators cache due to file changes
[NX v22.6.5 Daemon Server] - 2026-04-23T18:41:29.977Z - [WATCHER]: Processing file changes in outputs
[NX v22.6.5 Daemon Server] - 2026-04-23T18:41:36.379Z - [REQUEST]: Updated workspace context based on watched changes, recomputing project graph...
[NX v22.6.5 Daemon Server] - 2026-04-23T18:41:36.379Z - [REQUEST]: specs/design/TEMPLATE.md
[NX v22.6.5 Daemon Server] - 2026-04-23T18:41:36.379Z - [REQUEST]: 
[NX v22.6.5 Daemon Server] - 2026-04-23T18:41:36.401Z - Time taken for 'hash changed files from watcher' 0.32754800003021955ms
Time taken for 'plugin worker 85457 code loading' 56.934497ms
[NX v22.6.5 Daemon Server] - 2026-04-23T18:41:36.474Z - Time taken for 'start-plugin-worker:nx/js/dependencies-and-lockfile' 94.27168300002813ms
Time taken for 'plugin worker 85458 code loading' 62.757495000000006ms
Time taken for 'plugin worker 85464 code loading' 60.96136800000001ms
[NX v22.6.5 Daemon Server] - 2026-04-23T18:41:36.484Z - Time taken for 'start-plugin-worker:nx/core/package-json' 94.7834509999957ms
[NX v22.6.5 Daemon Server] - 2026-04-23T18:41:36.492Z - Time taken for 'start-plugin-worker:nx/core/project-json' 98.10899399989285ms
Time taken for 'nx/js/dependencies-and-lockfile:createNodes' 1.0995140000000134ms
[NX v22.6.5 Daemon Server] - 2026-04-23T18:41:36.523Z - Time taken for 'build-project-configs' 142.58631899999455ms
[NX v22.6.5 Daemon Server] - 2026-04-23T18:41:36.523Z - Time taken for 'createNodes:merge' 0.309633000055328ms
[NX v22.6.5 Daemon Server] - 2026-04-23T18:41:36.523Z - Time taken for 'get-all-workspace-files' 0.02432400011457503ms
[NX v22.6.5 Daemon Server] - 2026-04-23T18:41:36.526Z - [SYNC]: collect registered sync generators
[NX v22.6.5 Daemon Server] - 2026-04-23T18:41:36.526Z - [SYNC]: project graph hash is the same, not collecting task sync generators
[NX v22.6.5 Daemon Server] - 2026-04-23T18:41:36.526Z - [SYNC]: nx.json hash is the same, not collecting global sync generators
[NX v22.6.5 Daemon Server] - 2026-04-23T18:41:36.526Z - Time taken for 'total execution time for createProjectGraph()' 3.159288000082597ms
[NX v22.6.5 Daemon Server] - 2026-04-23T18:41:36.526Z - Time taken for 'createDependencies' 2.5506420000456274ms
[NX v22.6.5 Daemon Server] - 2026-04-23T18:41:36.526Z - Time taken for 'nx/js/dependencies-and-lockfile:createDependencies' 2.5082400001119822ms
[NX v22.6.5 Daemon Server] - 2026-04-23T18:41:36.526Z - Time taken for 'createMetadata' 0.009280999889597297ms
[NX v22.6.5 Daemon Server] - 2026-04-23T18:41:36.526Z - Time taken for 'serialize graph' 0.17142200004309416ms
[NX v22.6.5 Daemon Server] - 2026-04-23T18:41:47.900Z - [WATCHER]: NEW-FEATURE.md was modified
[NX v22.6.5 Daemon Server] - 2026-04-23T18:41:47.901Z - [SYNC]: clearing sync generators cache due to file changes
[NX v22.6.5 Daemon Server] - 2026-04-23T18:41:47.901Z - [WATCHER]: Processing file changes in outputs
[NX v22.6.5 Daemon Server] - 2026-04-23T18:41:54.300Z - [REQUEST]: Updated workspace context based on watched changes, recomputing project graph...
[NX v22.6.5 Daemon Server] - 2026-04-23T18:41:54.300Z - [REQUEST]: NEW-FEATURE.md
[NX v22.6.5 Daemon Server] - 2026-04-23T18:41:54.300Z - [REQUEST]: 
[NX v22.6.5 Daemon Server] - 2026-04-23T18:41:54.314Z - Time taken for 'hash changed files from watcher' 0.16505299997515976ms
Time taken for 'plugin worker 85690 code loading' 67.070104ms
[NX v22.6.5 Daemon Server] - 2026-04-23T18:41:54.397Z - Time taken for 'start-plugin-worker:nx/js/dependencies-and-lockfile' 95.85808799997903ms
Time taken for 'plugin worker 85691 code loading' 66.787981ms
Time taken for 'plugin worker 85697 code loading' 65.047113ms
[NX v22.6.5 Daemon Server] - 2026-04-23T18:41:54.401Z - Time taken for 'start-plugin-worker:nx/core/package-json' 95.7100470000878ms
[NX v22.6.5 Daemon Server] - 2026-04-23T18:41:54.406Z - Time taken for 'start-plugin-worker:nx/core/project-json' 96.53447999991477ms
Time taken for 'nx/js/dependencies-and-lockfile:createNodes' 1.1123320000000092ms
[NX v22.6.5 Daemon Server] - 2026-04-23T18:41:54.437Z - Time taken for 'build-project-configs' 134.7925309999846ms
[NX v22.6.5 Daemon Server] - 2026-04-23T18:41:54.437Z - Time taken for 'createNodes:merge' 0.28593800007365644ms
[NX v22.6.5 Daemon Server] - 2026-04-23T18:41:54.437Z - Time taken for 'get-all-workspace-files' 0.024214999983087182ms
[NX v22.6.5 Daemon Server] - 2026-04-23T18:41:54.440Z - [SYNC]: collect registered sync generators
[NX v22.6.5 Daemon Server] - 2026-04-23T18:41:54.440Z - [SYNC]: project graph hash is the same, not collecting task sync generators
[NX v22.6.5 Daemon Server] - 2026-04-23T18:41:54.440Z - [SYNC]: nx.json hash is the same, not collecting global sync generators
[NX v22.6.5 Daemon Server] - 2026-04-23T18:41:54.441Z - Time taken for 'total execution time for createProjectGraph()' 3.81227199989371ms
[NX v22.6.5 Daemon Server] - 2026-04-23T18:41:54.441Z - Time taken for 'createDependencies' 3.0927850001025945ms
[NX v22.6.5 Daemon Server] - 2026-04-23T18:41:54.441Z - Time taken for 'nx/js/dependencies-and-lockfile:createDependencies' 2.9697889999952167ms
[NX v22.6.5 Daemon Server] - 2026-04-23T18:41:54.441Z - Time taken for 'createMetadata' 0.02911500004120171ms
[NX v22.6.5 Daemon Server] - 2026-04-23T18:41:54.441Z - Time taken for 'serialize graph' 0.3093360001221299ms
[NX v22.6.5 Daemon Server] - 2026-04-23T18:41:56.177Z - [WATCHER]: EVALUATION.md was modified
[NX v22.6.5 Daemon Server] - 2026-04-23T18:41:56.178Z - [SYNC]: clearing sync generators cache due to file changes
[NX v22.6.5 Daemon Server] - 2026-04-23T18:41:56.178Z - [WATCHER]: Processing file changes in outputs
[NX v22.6.5 Daemon Server] - 2026-04-23T18:42:02.578Z - [REQUEST]: Updated workspace context based on watched changes, recomputing project graph...
[NX v22.6.5 Daemon Server] - 2026-04-23T18:42:02.579Z - [REQUEST]: EVALUATION.md
[NX v22.6.5 Daemon Server] - 2026-04-23T18:42:02.579Z - [REQUEST]: 
[NX v22.6.5 Daemon Server] - 2026-04-23T18:42:02.608Z - Time taken for 'hash changed files from watcher' 0.3835180001333356ms
Time taken for 'plugin worker 85853 code loading' 64.58189999999999ms
[NX v22.6.5 Daemon Server] - 2026-04-23T18:42:02.692Z - Time taken for 'start-plugin-worker:nx/js/dependencies-and-lockfile' 111.67438300000504ms
Time taken for 'plugin worker 85854 code loading' 71.12361200000001ms
Time taken for 'plugin worker 85860 code loading' 69.417569ms
[NX v22.6.5 Daemon Server] - 2026-04-23T18:42:02.702Z - Time taken for 'start-plugin-worker:nx/core/package-json' 109.69591000000946ms
[NX v22.6.5 Daemon Server] - 2026-04-23T18:42:02.702Z - Time taken for 'start-plugin-worker:nx/core/project-json' 99.95847000018694ms
Time taken for 'nx/js/dependencies-and-lockfile:createNodes' 1.5111379999999883ms
[NX v22.6.5 Daemon Server] - 2026-04-23T18:42:02.734Z - Time taken for 'build-project-configs' 153.73224500007927ms
[NX v22.6.5 Daemon Server] - 2026-04-23T18:42:02.735Z - Time taken for 'createNodes:merge' 0.5315640000626445ms
[NX v22.6.5 Daemon Server] - 2026-04-23T18:42:02.735Z - Time taken for 'get-all-workspace-files' 0.05682699987664819ms
[NX v22.6.5 Daemon Server] - 2026-04-23T18:42:02.737Z - [SYNC]: collect registered sync generators
[NX v22.6.5 Daemon Server] - 2026-04-23T18:42:02.737Z - [SYNC]: project graph hash is the same, not collecting task sync generators
[NX v22.6.5 Daemon Server] - 2026-04-23T18:42:02.737Z - [SYNC]: nx.json hash is the same, not collecting global sync generators
[NX v22.6.5 Daemon Server] - 2026-04-23T18:42:02.737Z - Time taken for 'total execution time for createProjectGraph()' 3.0594480000436306ms
[NX v22.6.5 Daemon Server] - 2026-04-23T18:42:02.737Z - Time taken for 'createDependencies' 2.351950000040233ms
[NX v22.6.5 Daemon Server] - 2026-04-23T18:42:02.737Z - Time taken for 'nx/js/dependencies-and-lockfile:createDependencies' 2.297668999992311ms
[NX v22.6.5 Daemon Server] - 2026-04-23T18:42:02.737Z - Time taken for 'createMetadata' 0.014538999879732728ms
[NX v22.6.5 Daemon Server] - 2026-04-23T18:42:02.737Z - Time taken for 'serialize graph' 0.1665010000579059ms
[NX v22.6.5 Daemon Server] - 2026-04-23T18:42:03.667Z - [WATCHER]: Processing file changes in outputs
[NX v22.6.5 Daemon Server] - 2026-04-23T18:42:03.667Z - [WATCHER]: EVALUATION.md was modified
[NX v22.6.5 Daemon Server] - 2026-04-23T18:42:03.667Z - [SYNC]: clearing sync generators cache due to file changes
[NX v22.6.5 Daemon Server] - 2026-04-23T18:42:10.068Z - [REQUEST]: Updated workspace context based on watched changes, recomputing project graph...
[NX v22.6.5 Daemon Server] - 2026-04-23T18:42:10.068Z - [REQUEST]: EVALUATION.md
[NX v22.6.5 Daemon Server] - 2026-04-23T18:42:10.068Z - [REQUEST]: 
[NX v22.6.5 Daemon Server] - 2026-04-23T18:42:10.087Z - Time taken for 'hash changed files from watcher' 0.30085100000724196ms
Time taken for 'plugin worker 86012 code loading' 67.514466ms
[NX v22.6.5 Daemon Server] - 2026-04-23T18:42:10.169Z - Time taken for 'start-plugin-worker:nx/js/dependencies-and-lockfile' 100.4990809999872ms
Time taken for 'plugin worker 86013 code loading' 69.517247ms
[NX v22.6.5 Daemon Server] - 2026-04-23T18:42:10.176Z - Time taken for 'start-plugin-worker:nx/core/package-json' 98.59554699994624ms
Time taken for 'plugin worker 86019 code loading' 68.724376ms
[NX v22.6.5 Daemon Server] - 2026-04-23T18:42:10.180Z - Time taken for 'start-plugin-worker:nx/core/project-json' 96.08809600002132ms
Time taken for 'nx/js/dependencies-and-lockfile:createNodes' 1.0433160000000044ms
[NX v22.6.5 Daemon Server] - 2026-04-23T18:42:10.215Z - Time taken for 'build-project-configs' 145.82421400002204ms
[NX v22.6.5 Daemon Server] - 2026-04-23T18:42:10.215Z - Time taken for 'createNodes:merge' 0.21438900008797646ms
[NX v22.6.5 Daemon Server] - 2026-04-23T18:42:10.215Z - Time taken for 'get-all-workspace-files' 0.034374000038951635ms
[NX v22.6.5 Daemon Server] - 2026-04-23T18:42:10.217Z - [SYNC]: collect registered sync generators
[NX v22.6.5 Daemon Server] - 2026-04-23T18:42:10.217Z - [SYNC]: project graph hash is the same, not collecting task sync generators
[NX v22.6.5 Daemon Server] - 2026-04-23T18:42:10.217Z - [SYNC]: nx.json hash is the same, not collecting global sync generators
[NX v22.6.5 Daemon Server] - 2026-04-23T18:42:10.217Z - Time taken for 'total execution time for createProjectGraph()' 1.989231999963522ms
[NX v22.6.5 Daemon Server] - 2026-04-23T18:42:10.217Z - Time taken for 'createDependencies' 1.5437690000981092ms
[NX v22.6.5 Daemon Server] - 2026-04-23T18:42:10.217Z - Time taken for 'nx/js/dependencies-and-lockfile:createDependencies' 1.5073610001709312ms
[NX v22.6.5 Daemon Server] - 2026-04-23T18:42:10.217Z - Time taken for 'createMetadata' 0.008517999900504947ms
[NX v22.6.5 Daemon Server] - 2026-04-23T18:42:10.217Z - Time taken for 'serialize graph' 0.16760999988764524ms
[NX v22.6.5 Daemon Server] - 2026-04-23T18:42:11.857Z - [WATCHER]: specs/test-plans/TEMPLATE.md was modified
[NX v22.6.5 Daemon Server] - 2026-04-23T18:42:11.857Z - [SYNC]: clearing sync generators cache due to file changes
[NX v22.6.5 Daemon Server] - 2026-04-23T18:42:11.857Z - [WATCHER]: Processing file changes in outputs
[NX v22.6.5 Daemon Server] - 2026-04-23T18:42:16.063Z - [WATCHER]: specs/test-plans/TEMPLATE.md was modified
[NX v22.6.5 Daemon Server] - 2026-04-23T18:42:16.063Z - [SYNC]: clearing sync generators cache due to file changes
[NX v22.6.5 Daemon Server] - 2026-04-23T18:42:16.063Z - [WATCHER]: Processing file changes in outputs
[NX v22.6.5 Daemon Server] - 2026-04-23T18:42:18.258Z - [REQUEST]: Updated workspace context based on watched changes, recomputing project graph...
[NX v22.6.5 Daemon Server] - 2026-04-23T18:42:18.259Z - [REQUEST]: specs/test-plans/TEMPLATE.md
[NX v22.6.5 Daemon Server] - 2026-04-23T18:42:18.259Z - [REQUEST]: 
[NX v22.6.5 Daemon Server] - 2026-04-23T18:42:18.275Z - Time taken for 'hash changed files from watcher' 0.3577059998642653ms
Time taken for 'plugin worker 86155 code loading' 68.776785ms
Time taken for 'plugin worker 86156 code loading' 66.95701100000001ms
[NX v22.6.5 Daemon Server] - 2026-04-23T18:42:18.359Z - Time taken for 'start-plugin-worker:nx/core/project-json' 85.95273799984716ms
Time taken for 'plugin worker 86162 code loading' 68.01627300000001ms
[NX v22.6.5 Daemon Server] - 2026-04-23T18:42:18.361Z - Time taken for 'start-plugin-worker:nx/js/dependencies-and-lockfile' 101.39146499987692ms
[NX v22.6.5 Daemon Server] - 2026-04-23T18:42:18.364Z - Time taken for 'start-plugin-worker:nx/core/package-json' 94.74382299999706ms
Time taken for 'nx/js/dependencies-and-lockfile:createNodes' 1.5612509999999986ms
[NX v22.6.5 Daemon Server] - 2026-04-23T18:42:18.395Z - Time taken for 'build-project-configs' 133.96312199998647ms
[NX v22.6.5 Daemon Server] - 2026-04-23T18:42:18.395Z - Time taken for 'createNodes:merge' 0.30524599994532764ms
[NX v22.6.5 Daemon Server] - 2026-04-23T18:42:18.395Z - Time taken for 'get-all-workspace-files' 0.06969900010153651ms
[NX v22.6.5 Daemon Server] - 2026-04-23T18:42:18.397Z - [SYNC]: collect registered sync generators
[NX v22.6.5 Daemon Server] - 2026-04-23T18:42:18.398Z - [SYNC]: project graph hash is the same, not collecting task sync generators
[NX v22.6.5 Daemon Server] - 2026-04-23T18:42:18.398Z - [SYNC]: nx.json hash is the same, not collecting global sync generators
[NX v22.6.5 Daemon Server] - 2026-04-23T18:42:18.398Z - Time taken for 'total execution time for createProjectGraph()' 3.524392999941483ms
[NX v22.6.5 Daemon Server] - 2026-04-23T18:42:18.398Z - Time taken for 'createDependencies' 2.8336879999842495ms
[NX v22.6.5 Daemon Server] - 2026-04-23T18:42:18.398Z - Time taken for 'nx/js/dependencies-and-lockfile:createDependencies' 2.7557850000448525ms
[NX v22.6.5 Daemon Server] - 2026-04-23T18:42:18.398Z - Time taken for 'createMetadata' 0.015540999826043844ms
[NX v22.6.5 Daemon Server] - 2026-04-23T18:42:18.398Z - Time taken for 'serialize graph' 0.15387000003829598ms
[NX v22.6.5 Daemon Server] - 2026-04-23T18:42:24.667Z - [WATCHER]: .claude/commands/spec.md was modified
[NX v22.6.5 Daemon Server] - 2026-04-23T18:42:24.667Z - [SYNC]: clearing sync generators cache due to file changes
[NX v22.6.5 Daemon Server] - 2026-04-23T18:42:24.667Z - [WATCHER]: Processing file changes in outputs
[NX v22.6.5 Daemon Server] - 2026-04-23T18:42:31.068Z - [REQUEST]: Updated workspace context based on watched changes, recomputing project graph...
[NX v22.6.5 Daemon Server] - 2026-04-23T18:42:31.068Z - [REQUEST]: .claude/commands/spec.md
[NX v22.6.5 Daemon Server] - 2026-04-23T18:42:31.068Z - [REQUEST]: 
[NX v22.6.5 Daemon Server] - 2026-04-23T18:42:31.084Z - Time taken for 'hash changed files from watcher' 0.17105100001208484ms
Time taken for 'plugin worker 86341 code loading' 75.53428299999999ms
[NX v22.6.5 Daemon Server] - 2026-04-23T18:42:31.180Z - Time taken for 'start-plugin-worker:nx/js/dependencies-and-lockfile' 110.04428699985147ms
[NX v22.6.5 Daemon Server] - 2026-04-23T18:42:31.181Z - Time taken for 'start-plugin-worker:nx/core/package-json' 104.70649300003424ms
Time taken for 'plugin worker 86342 code loading' 78.354009ms
[NX v22.6.5 Daemon Server] - 2026-04-23T18:42:31.188Z - Time taken for 'start-plugin-worker:nx/core/project-json' 107.9574160000775ms
Time taken for 'plugin worker 86348 code loading' 78.985104ms
Time taken for 'nx/js/dependencies-and-lockfile:createNodes' 1.374527999999998ms
[NX v22.6.5 Daemon Server] - 2026-04-23T18:42:31.220Z - Time taken for 'build-project-configs' 149.80395099986345ms
[NX v22.6.5 Daemon Server] - 2026-04-23T18:42:31.220Z - Time taken for 'createNodes:merge' 0.34966300008818507ms
[NX v22.6.5 Daemon Server] - 2026-04-23T18:42:31.220Z - Time taken for 'get-all-workspace-files' 0.0374940000474453ms
[NX v22.6.5 Daemon Server] - 2026-04-23T18:42:31.222Z - [SYNC]: collect registered sync generators
[NX v22.6.5 Daemon Server] - 2026-04-23T18:42:31.223Z - [SYNC]: project graph hash is the same, not collecting task sync generators
[NX v22.6.5 Daemon Server] - 2026-04-23T18:42:31.223Z - [SYNC]: nx.json hash is the same, not collecting global sync generators
[NX v22.6.5 Daemon Server] - 2026-04-23T18:42:31.223Z - Time taken for 'total execution time for createProjectGraph()' 3.216820999979973ms
[NX v22.6.5 Daemon Server] - 2026-04-23T18:42:31.223Z - Time taken for 'createDependencies' 2.7804469999391586ms
[NX v22.6.5 Daemon Server] - 2026-04-23T18:42:31.223Z - Time taken for 'nx/js/dependencies-and-lockfile:createDependencies' 2.7040430000051856ms
[NX v22.6.5 Daemon Server] - 2026-04-23T18:42:31.223Z - Time taken for 'createMetadata' 0.013253000099211931ms
[NX v22.6.5 Daemon Server] - 2026-04-23T18:42:31.223Z - Time taken for 'serialize graph' 0.17162099992856383ms
[NX v22.6.5 Daemon Server] - 2026-04-23T18:42:38.892Z - [WATCHER]: NEW-FEATURE-FULLSTACK.md was modified
[NX v22.6.5 Daemon Server] - 2026-04-23T18:42:38.892Z - [SYNC]: clearing sync generators cache due to file changes
[NX v22.6.5 Daemon Server] - 2026-04-23T18:42:38.892Z - [WATCHER]: Processing file changes in outputs
[NX v22.6.5 Daemon Server] - 2026-04-23T18:42:45.292Z - [REQUEST]: Updated workspace context based on watched changes, recomputing project graph...
[NX v22.6.5 Daemon Server] - 2026-04-23T18:42:45.292Z - [REQUEST]: NEW-FEATURE-FULLSTACK.md
[NX v22.6.5 Daemon Server] - 2026-04-23T18:42:45.292Z - [REQUEST]: 
[NX v22.6.5 Daemon Server] - 2026-04-23T18:42:45.310Z - Time taken for 'hash changed files from watcher' 0.31433300022035837ms
Time taken for 'plugin worker 86557 code loading' 72.49604599999999ms
Time taken for 'plugin worker 86558 code loading' 73.02932899999999ms
[NX v22.6.5 Daemon Server] - 2026-04-23T18:42:45.405Z - Time taken for 'start-plugin-worker:nx/js/dependencies-and-lockfile' 110.52405099989846ms
[NX v22.6.5 Daemon Server] - 2026-04-23T18:42:45.409Z - Time taken for 'start-plugin-worker:nx/core/package-json' 107.9485580001492ms
Time taken for 'plugin worker 86564 code loading' 76.16276200000001ms
[NX v22.6.5 Daemon Server] - 2026-04-23T18:42:45.414Z - Time taken for 'start-plugin-worker:nx/core/project-json' 108.30820900015533ms
Time taken for 'nx/js/dependencies-and-lockfile:createNodes' 2.1777930000000083ms
[NX v22.6.5 Daemon Server] - 2026-04-23T18:42:45.454Z - Time taken for 'build-project-configs' 159.61077099991962ms
[NX v22.6.5 Daemon Server] - 2026-04-23T18:42:45.454Z - Time taken for 'createNodes:merge' 0.2668510000221431ms
[NX v22.6.5 Daemon Server] - 2026-04-23T18:42:45.454Z - Time taken for 'get-all-workspace-files' 0.036927999928593636ms
[NX v22.6.5 Daemon Server] - 2026-04-23T18:42:45.457Z - [SYNC]: collect registered sync generators
[NX v22.6.5 Daemon Server] - 2026-04-23T18:42:45.457Z - [SYNC]: project graph hash is the same, not collecting task sync generators
[NX v22.6.5 Daemon Server] - 2026-04-23T18:42:45.457Z - [SYNC]: nx.json hash is the same, not collecting global sync generators
[NX v22.6.5 Daemon Server] - 2026-04-23T18:42:45.457Z - Time taken for 'total execution time for createProjectGraph()' 3.5633949998300523ms
[NX v22.6.5 Daemon Server] - 2026-04-23T18:42:45.457Z - Time taken for 'createDependencies' 2.9686760001350194ms
[NX v22.6.5 Daemon Server] - 2026-04-23T18:42:45.457Z - Time taken for 'nx/js/dependencies-and-lockfile:createDependencies' 2.894006999908015ms
[NX v22.6.5 Daemon Server] - 2026-04-23T18:42:45.457Z - Time taken for 'createMetadata' 0.01283499994315207ms
[NX v22.6.5 Daemon Server] - 2026-04-23T18:42:45.457Z - Time taken for 'serialize graph' 0.2261449999641627ms
[NX v22.6.5 Daemon Server] - 2026-04-23T18:44:46.484Z - [WATCHER]: docker-compose.yml was modified
[NX v22.6.5 Daemon Server] - 2026-04-23T18:44:46.484Z - [SYNC]: clearing sync generators cache due to file changes
[NX v22.6.5 Daemon Server] - 2026-04-23T18:44:46.484Z - [WATCHER]: Processing file changes in outputs
[NX v22.6.5 Daemon Server] - 2026-04-23T18:44:52.886Z - [REQUEST]: Updated workspace context based on watched changes, recomputing project graph...
[NX v22.6.5 Daemon Server] - 2026-04-23T18:44:52.886Z - [REQUEST]: docker-compose.yml
[NX v22.6.5 Daemon Server] - 2026-04-23T18:44:52.886Z - [REQUEST]: 
[NX v22.6.5 Daemon Server] - 2026-04-23T18:44:52.907Z - Time taken for 'hash changed files from watcher' 0.45169200003147125ms
Time taken for 'plugin worker 87554 code loading' 70.39616500000001ms
Time taken for 'plugin worker 87561 code loading' 65.704364ms
Time taken for 'plugin worker 87555 code loading' 67.40487ms
[NX v22.6.5 Daemon Server] - 2026-04-23T18:44:53.002Z - Time taken for 'start-plugin-worker:nx/js/dependencies-and-lockfile' 114.51120800012723ms
[NX v22.6.5 Daemon Server] - 2026-04-23T18:44:53.002Z - Time taken for 'start-plugin-worker:nx/core/package-json' 107.47004700009711ms
[NX v22.6.5 Daemon Server] - 2026-04-23T18:44:53.002Z - Time taken for 'start-plugin-worker:nx/core/project-json' 101.18392800004221ms
[NX v22.6.5 Daemon Server] - 2026-04-23T18:44:53.034Z - Time taken for 'build-project-configs' 146.75628499989398ms
[NX v22.6.5 Daemon Server] - 2026-04-23T18:44:53.034Z - Time taken for 'createNodes:merge' 0.279969000024721ms
[NX v22.6.5 Daemon Server] - 2026-04-23T18:44:53.034Z - Time taken for 'get-all-workspace-files' 0.03740000003017485ms
Time taken for 'nx/js/dependencies-and-lockfile:createNodes' 1.4503839999999855ms
[NX v22.6.5 Daemon Server] - 2026-04-23T18:44:53.036Z - [SYNC]: collect registered sync generators
[NX v22.6.5 Daemon Server] - 2026-04-23T18:44:53.036Z - [SYNC]: project graph hash is the same, not collecting task sync generators
[NX v22.6.5 Daemon Server] - 2026-04-23T18:44:53.036Z - [SYNC]: nx.json hash is the same, not collecting global sync generators
[NX v22.6.5 Daemon Server] - 2026-04-23T18:44:53.036Z - Time taken for 'total execution time for createProjectGraph()' 1.7917059999890625ms
[NX v22.6.5 Daemon Server] - 2026-04-23T18:44:53.036Z - Time taken for 'createDependencies' 1.3746780001092702ms
[NX v22.6.5 Daemon Server] - 2026-04-23T18:44:53.036Z - Time taken for 'nx/js/dependencies-and-lockfile:createDependencies' 1.3376050000078976ms
[NX v22.6.5 Daemon Server] - 2026-04-23T18:44:53.036Z - Time taken for 'createMetadata' 0.007416999898850918ms
[NX v22.6.5 Daemon Server] - 2026-04-23T18:44:53.036Z - Time taken for 'serialize graph' 0.13679599994793534ms
[NX v22.6.5 Daemon Server] - 2026-04-23T18:44:54.780Z - [WATCHER]: README.md was modified
[NX v22.6.5 Daemon Server] - 2026-04-23T18:44:54.780Z - [SYNC]: clearing sync generators cache due to file changes
[NX v22.6.5 Daemon Server] - 2026-04-23T18:44:54.781Z - [WATCHER]: Processing file changes in outputs
[NX v22.6.5 Daemon Server] - 2026-04-23T18:45:01.180Z - [REQUEST]: Updated workspace context based on watched changes, recomputing project graph...
[NX v22.6.5 Daemon Server] - 2026-04-23T18:45:01.181Z - [REQUEST]: README.md
[NX v22.6.5 Daemon Server] - 2026-04-23T18:45:01.181Z - [REQUEST]: 
[NX v22.6.5 Daemon Server] - 2026-04-23T18:45:01.202Z - Time taken for 'hash changed files from watcher' 0.19079700019210577ms
Time taken for 'plugin worker 87779 code loading' 62.606916ms
Time taken for 'plugin worker 87781 code loading' 63.474011000000004ms
Time taken for 'plugin worker 87789 code loading' 60.978353ms
[NX v22.6.5 Daemon Server] - 2026-04-23T18:45:01.284Z - Time taken for 'start-plugin-worker:nx/js/dependencies-and-lockfile' 102.91167400008999ms
[NX v22.6.5 Daemon Server] - 2026-04-23T18:45:01.284Z - Time taken for 'start-plugin-worker:nx/core/project-json' 89.89989300002344ms
[NX v22.6.5 Daemon Server] - 2026-04-23T18:45:01.285Z - Time taken for 'start-plugin-worker:nx/core/package-json' 97.62265999987721ms
[NX v22.6.5 Daemon Server] - 2026-04-23T18:45:01.321Z - Time taken for 'build-project-configs' 138.78715300001204ms
[NX v22.6.5 Daemon Server] - 2026-04-23T18:45:01.321Z - Time taken for 'createNodes:merge' 0.2575179999694228ms
[NX v22.6.5 Daemon Server] - 2026-04-23T18:45:01.321Z - Time taken for 'get-all-workspace-files' 0.04031600011512637ms
Time taken for 'nx/js/dependencies-and-lockfile:createNodes' 1.4954970000000003ms
[NX v22.6.5 Daemon Server] - 2026-04-23T18:45:01.322Z - [SYNC]: collect registered sync generators
[NX v22.6.5 Daemon Server] - 2026-04-23T18:45:01.322Z - [SYNC]: project graph hash is the same, not collecting task sync generators
[NX v22.6.5 Daemon Server] - 2026-04-23T18:45:01.322Z - [SYNC]: nx.json hash is the same, not collecting global sync generators
[NX v22.6.5 Daemon Server] - 2026-04-23T18:45:01.322Z - Time taken for 'total execution time for createProjectGraph()' 1.9069409999065101ms
[NX v22.6.5 Daemon Server] - 2026-04-23T18:45:01.322Z - Time taken for 'createDependencies' 1.4299029998946935ms
[NX v22.6.5 Daemon Server] - 2026-04-23T18:45:01.322Z - Time taken for 'nx/js/dependencies-and-lockfile:createDependencies' 1.3948220000602305ms
[NX v22.6.5 Daemon Server] - 2026-04-23T18:45:01.322Z - Time taken for 'createMetadata' 0.006498000118881464ms
[NX v22.6.5 Daemon Server] - 2026-04-23T18:45:01.322Z - Time taken for 'serialize graph' 0.1413569999858737ms
[NX v22.6.5 Daemon Client] - 2026-04-23T18:48:19.139Z - [Messenger] Sending message type: RECORD_OUTPUTS_HASH
[NX v22.6.5 Daemon Client] - 2026-04-23T18:48:19.139Z - [Messenger] Message sent
[NX v22.6.5 Daemon Server] - 2026-04-23T18:48:19.139Z - Received raw message of length 81
[NX v22.6.5 Daemon Server] - 2026-04-23T18:48:19.139Z - Received json message of type RECORD_OUTPUTS_HASH
[NX v22.6.5 Daemon Server] - 2026-04-23T18:48:19.139Z - Serializing response for RECORD_OUTPUTS_HASH message in json mode
[NX v22.6.5 Daemon Server] - 2026-04-23T18:48:19.139Z - Responding to RECORD_OUTPUTS_HASH message
[NX v22.6.5 Daemon Server] - 2026-04-23T18:48:19.139Z - [REQUEST]: Responding to the client. recordOutputsHash
[NX v22.6.5 Daemon Server] - 2026-04-23T18:48:19.139Z - Done responding to the client recordOutputsHash
[NX v22.6.5 Daemon Server] - 2026-04-23T18:48:19.139Z - Handled json message RECORD_OUTPUTS_HASH. Handling time: 0. Response time: 0.
[NX v22.6.5 Daemon Client] - 2026-04-23T18:48:19.139Z - [Messenger] Received message, length: 2
[NX v22.6.5 Daemon Client] - 2026-04-23T18:48:19.258Z - [Messenger] Sending message type: RECORD_OUTPUTS_HASH
[NX v22.6.5 Daemon Client] - 2026-04-23T18:48:19.258Z - [Messenger] Message sent
[NX v22.6.5 Daemon Server] - 2026-04-23T18:48:19.258Z - Received raw message of length 81
[NX v22.6.5 Daemon Server] - 2026-04-23T18:48:19.258Z - Received json message of type RECORD_OUTPUTS_HASH
[NX v22.6.5 Daemon Server] - 2026-04-23T18:48:19.258Z - Serializing response for RECORD_OUTPUTS_HASH message in json mode
[NX v22.6.5 Daemon Server] - 2026-04-23T18:48:19.258Z - Responding to RECORD_OUTPUTS_HASH message
[NX v22.6.5 Daemon Server] - 2026-04-23T18:48:19.258Z - [REQUEST]: Responding to the client. recordOutputsHash
[NX v22.6.5 Daemon Server] - 2026-04-23T18:48:19.258Z - Done responding to the client recordOutputsHash
[NX v22.6.5 Daemon Server] - 2026-04-23T18:48:19.258Z - Handled json message RECORD_OUTPUTS_HASH. Handling time: 0. Response time: 0.
[NX v22.6.5 Daemon Client] - 2026-04-23T18:48:19.259Z - [Messenger] Received message, length: 2
[NX v22.6.5 Daemon Client] - 2026-04-23T18:48:19.260Z - [Messenger] Sending message type: RECORD_TASK_RUNS
[NX v22.6.5 Daemon Client] - 2026-04-23T18:48:19.260Z - [Messenger] Message sent
[NX v22.6.5 Daemon Server] - 2026-04-23T18:48:19.261Z - Received raw message of length 371
[NX v22.6.5 Daemon Server] - 2026-04-23T18:48:19.261Z - Received json message of type RECORD_TASK_RUNS
[NX v22.6.5 Daemon Server] - 2026-04-23T18:48:19.266Z - Serializing response for RECORD_TASK_RUNS message in json mode
[NX v22.6.5 Daemon Server] - 2026-04-23T18:48:19.266Z - Responding to RECORD_TASK_RUNS message
[NX v22.6.5 Daemon Server] - 2026-04-23T18:48:19.266Z - [REQUEST]: Responding to the client. handleRecordTaskRuns
[NX v22.6.5 Daemon Server] - 2026-04-23T18:48:19.266Z - Done responding to the client handleRecordTaskRuns
[NX v22.6.5 Daemon Server] - 2026-04-23T18:48:19.266Z - Handled json message RECORD_TASK_RUNS. Handling time: 5. Response time: 0.
[NX v22.6.5 Daemon Client] - 2026-04-23T18:48:19.267Z - [Messenger] Received message, length: 4
[NX v22.6.5 Daemon Server] - 2026-04-23T18:48:19.296Z - [WATCHER]: .playwright-cli/console-2026-04-23T17-08-50-042Z.log was modified
[NX v22.6.5 Daemon Server] - 2026-04-23T18:48:19.296Z - [SYNC]: clearing sync generators cache due to file changes
[NX v22.6.5 Daemon Server] - 2026-04-23T18:48:19.296Z - [WATCHER]: Processing file changes in outputs
[NX v22.6.5 Daemon Server] - 2026-04-23T18:48:20.473Z - Established a connection. Number of open connections: 2
[NX v22.6.5 Daemon Server] - 2026-04-23T18:48:20.473Z - Closed a connection. Number of open connections: 1
[NX v22.6.5 Daemon Server] - 2026-04-23T18:48:20.473Z - Established a connection. Number of open connections: 2
[NX v22.6.5 Daemon Server] - 2026-04-23T18:48:20.474Z - Closed a connection. Number of open connections: 1
[NX v22.6.5 Daemon Server] - 2026-04-23T18:48:20.474Z - Established a connection. Number of open connections: 2
[NX v22.6.5 Daemon Client] - 2026-04-23T18:48:20.474Z - [Messenger] Setting up socket listeners
[NX v22.6.5 Daemon Client] - 2026-04-23T18:48:20.474Z - [Messenger] listen() complete
[NX v22.6.5 Daemon Client] - 2026-04-23T18:48:20.474Z - [Messenger] Sending message type: GET_NX_CONSOLE_STATUS
[NX v22.6.5 Daemon Client] - 2026-04-23T18:48:20.475Z - [Messenger] Message sent
[NX v22.6.5 Daemon Server] - 2026-04-23T18:48:20.551Z - Received raw message of length 32
[NX v22.6.5 Daemon Server] - 2026-04-23T18:48:20.551Z - Received json message of type GET_NX_CONSOLE_STATUS
[NX v22.6.5 Daemon Server] - 2026-04-23T18:48:20.551Z - Serializing response for GET_NX_CONSOLE_STATUS message in json mode
[NX v22.6.5 Daemon Server] - 2026-04-23T18:48:20.551Z - Responding to GET_NX_CONSOLE_STATUS message
[NX v22.6.5 Daemon Server] - 2026-04-23T18:48:20.551Z - [REQUEST]: Responding to the client. handleGetNxConsoleStatus
[NX v22.6.5 Daemon Server] - 2026-04-23T18:48:20.551Z - Done responding to the client handleGetNxConsoleStatus
[NX v22.6.5 Daemon Server] - 2026-04-23T18:48:20.551Z - Handled json message GET_NX_CONSOLE_STATUS. Handling time: 0. Response time: 0.
[NX v22.6.5 Daemon Client] - 2026-04-23T18:48:20.552Z - [Messenger] Received message, length: 22
[NX v22.6.5 Daemon Client] - 2026-04-23T18:48:20.575Z - [Messenger] Sending message type: REQUEST_PROJECT_GRAPH
[NX v22.6.5 Daemon Client] - 2026-04-23T18:48:20.576Z - [Messenger] Message sent
[NX v22.6.5 Daemon Server] - 2026-04-23T18:48:20.576Z - Received raw message of length 32
[NX v22.6.5 Daemon Server] - 2026-04-23T18:48:20.576Z - Received json message of type REQUEST_PROJECT_GRAPH
[NX v22.6.5 Daemon Server] - 2026-04-23T18:48:20.576Z - [REQUEST]: Client Request for Project Graph Received
[NX v22.6.5 Daemon Server] - 2026-04-23T18:48:20.576Z - Recomputing project graph because of 1 updated and 0 deleted files.
[NX v22.6.5 Daemon Server] - 2026-04-23T18:48:20.577Z - [REQUEST]: Updated workspace context based on watched changes, recomputing project graph...
[NX v22.6.5 Daemon Server] - 2026-04-23T18:48:20.577Z - [REQUEST]: .playwright-cli/console-2026-04-23T17-08-50-042Z.log
[NX v22.6.5 Daemon Server] - 2026-04-23T18:48:20.577Z - [REQUEST]: 
[NX v22.6.5 Daemon Server] - 2026-04-23T18:48:20.592Z - Time taken for 'hash changed files from watcher' 0.2256849999539554ms
Time taken for 'plugin worker 89532 code loading' 70.98480599999999ms
Time taken for 'plugin worker 89533 code loading' 68.30402699999999ms
[NX v22.6.5 Daemon Server] - 2026-04-23T18:48:20.680Z - Time taken for 'start-plugin-worker:nx/core/package-json' 95.40519700013101ms
[NX v22.6.5 Daemon Server] - 2026-04-23T18:48:20.689Z - Time taken for 'start-plugin-worker:nx/js/dependencies-and-lockfile' 111.0478529999964ms
Time taken for 'plugin worker 89539 code loading' 71.528312ms
[NX v22.6.5 Daemon Server] - 2026-04-23T18:48:20.695Z - Time taken for 'start-plugin-worker:nx/core/project-json' 106.2801089999266ms
Time taken for 'nx/js/dependencies-and-lockfile:createNodes' 1.1767340000000104ms
[NX v22.6.5 Daemon Server] - 2026-04-23T18:48:20.728Z - Time taken for 'build-project-configs' 149.8854950000532ms
[NX v22.6.5 Daemon Server] - 2026-04-23T18:48:20.728Z - Time taken for 'createNodes:merge' 0.27113200002349913ms
[NX v22.6.5 Daemon Server] - 2026-04-23T18:48:20.728Z - Time taken for 'get-all-workspace-files' 0.03686499991454184ms
[NX v22.6.5 Daemon Server] - 2026-04-23T18:48:20.730Z - [SYNC]: collect registered sync generators
[NX v22.6.5 Daemon Server] - 2026-04-23T18:48:20.730Z - [SYNC]: project graph hash is the same, not collecting task sync generators
[NX v22.6.5 Daemon Server] - 2026-04-23T18:48:20.730Z - [SYNC]: nx.json hash is the same, not collecting global sync generators
[NX v22.6.5 Daemon Server] - 2026-04-23T18:48:20.731Z - Wrote project graph cache to /home/erlin/workspace/coding-assignment/.nx/workspace-data/project-graph.json
[NX v22.6.5 Daemon Server] - 2026-04-23T18:48:20.731Z - Serializing response for REQUEST_PROJECT_GRAPH message in json mode
[NX v22.6.5 Daemon Server] - 2026-04-23T18:48:20.731Z - Responding to REQUEST_PROJECT_GRAPH message
[NX v22.6.5 Daemon Server] - 2026-04-23T18:48:20.731Z - [REQUEST]: Responding to the client. project-graph
[NX v22.6.5 Daemon Server] - 2026-04-23T18:48:20.731Z - Done responding to the client project-graph
[NX v22.6.5 Daemon Server] - 2026-04-23T18:48:20.731Z - Handled json message REQUEST_PROJECT_GRAPH. Handling time: 155. Response time: 0.
[NX v22.6.5 Daemon Server] - 2026-04-23T18:48:20.731Z - Time taken for 'total for creating and serializing project graph' 154.9127509999089ms
[NX v22.6.5 Daemon Server] - 2026-04-23T18:48:20.731Z - Time taken for 'total execution time for createProjectGraph()' 1.9854930001311004ms
[NX v22.6.5 Daemon Server] - 2026-04-23T18:48:20.731Z - Time taken for 'createDependencies' 1.4813600000925362ms
[NX v22.6.5 Daemon Server] - 2026-04-23T18:48:20.731Z - Time taken for 'nx/js/dependencies-and-lockfile:createDependencies' 1.4388359999284148ms
[NX v22.6.5 Daemon Server] - 2026-04-23T18:48:20.731Z - Time taken for 'createMetadata' 0.009655999951064587ms
[NX v22.6.5 Daemon Server] - 2026-04-23T18:48:20.731Z - Time taken for 'serialize graph' 0.2313719999510795ms
[NX v22.6.5 Daemon Server] - 2026-04-23T18:48:20.731Z - Time taken for 'write cache' 1.0082330000586808ms
[NX v22.6.5 Daemon Client] - 2026-04-23T18:48:20.731Z - [Messenger] Received message, length: 51092
[NX v22.6.5 Daemon Client] - 2026-04-23T18:48:20.733Z - [Messenger] Sending message type: PRE_TASKS_EXECUTION
[NX v22.6.5 Daemon Client] - 2026-04-23T18:48:20.733Z - [Messenger] Message sent
[NX v22.6.5 Daemon Server] - 2026-04-23T18:48:20.733Z - Received raw message of length 454
[NX v22.6.5 Daemon Server] - 2026-04-23T18:48:20.733Z - Received json message of type PRE_TASKS_EXECUTION
[NX v22.6.5 Daemon Server] - 2026-04-23T18:48:20.734Z - Serializing response for PRE_TASKS_EXECUTION message in json mode
[NX v22.6.5 Daemon Server] - 2026-04-23T18:48:20.734Z - Responding to PRE_TASKS_EXECUTION message
[NX v22.6.5 Daemon Server] - 2026-04-23T18:48:20.734Z - [REQUEST]: Responding to the client. handleRunPreTasksExecution
[NX v22.6.5 Daemon Server] - 2026-04-23T18:48:20.734Z - Done responding to the client handleRunPreTasksExecution
[NX v22.6.5 Daemon Server] - 2026-04-23T18:48:20.734Z - Handled json message PRE_TASKS_EXECUTION. Handling time: 1. Response time: 0.
[NX v22.6.5 Daemon Server] - 2026-04-23T18:48:20.734Z - Time taken for 'preTasksExecution' 0.1402430001180619ms
[NX v22.6.5 Daemon Client] - 2026-04-23T18:48:20.734Z - [Messenger] Received message, length: 2
[NX v22.6.5 Daemon Client] - 2026-04-23T18:48:20.745Z - [Messenger] Sending message type: HASH_TASKS
[NX v22.6.5 Daemon Client] - 2026-04-23T18:48:20.745Z - [Messenger] Message sent
[NX v22.6.5 Daemon Server] - 2026-04-23T18:48:20.745Z - Received raw message of length 6769
[NX v22.6.5 Daemon Server] - 2026-04-23T18:48:20.746Z - Received json message of type HASH_TASKS
[NX v22.6.5 Daemon Server] - 2026-04-23T18:48:20.746Z - Reusing in-memory cached project graph because no files changed.
DEBUG nx::native::tasks::hash_planner: get_plans_internal COMPLETED in 210.266µs - processed 2 tasks (setup: 72.102µs, parallel_planning: 134.748µs)
DEBUG nx::native::tasks::hashers::hash_workspace_files: Hashing workspace fileset with inputs: Adding "14131790413828198662" (".gitignore") to hash
DEBUG nx::native::tasks::hashers::hash_workspace_files: Hashing workspace fileset with inputs: Adding "14131790413828198662" (".gitignore") to hash
DEBUG nx::native::tasks::hashers::hash_workspace_files: Hashing workspace fileset with inputs: Adding "16065994131877946731" ("nx.json") to hash
DEBUG nx::native::tasks::hashers::hash_workspace_files: Hashing workspace fileset with inputs: Adding "16065994131877946731" ("nx.json") to hash
DEBUG nx::native::tasks::hashers::hash_workspace_files: Hashing workspace fileset with inputs: Hash Value: "9147741371145341845"
DEBUG nx::native::tasks::hashers::hash_workspace_files: Hashing workspace fileset with inputs: Hash Value: "9147741371145341845"
DEBUG nx::native::tasks::task_hasher: hash_plans COMPLETED in 336.148µs - processed 2 plans (setup: 32.314µs, hashing: 303.077µs, assembly: 34.262µs)
[NX v22.6.5 Daemon Server] - 2026-04-23T18:48:20.748Z - Serializing response for HASH_TASKS message in json mode
[NX v22.6.5 Daemon Server] - 2026-04-23T18:48:20.748Z - Responding to HASH_TASKS message
[NX v22.6.5 Daemon Server] - 2026-04-23T18:48:20.748Z - [REQUEST]: Responding to the client. handleHashTasks
[NX v22.6.5 Daemon Server] - 2026-04-23T18:48:20.748Z - Done responding to the client handleHashTasks
[NX v22.6.5 Daemon Server] - 2026-04-23T18:48:20.748Z - Handled json message HASH_TASKS. Handling time: 2. Response time: 0.
[NX v22.6.5 Daemon Client] - 2026-04-23T18:48:20.748Z - [Messenger] Received message, length: 1111
[NX v22.6.5 Daemon Client] - 2026-04-23T18:48:20.753Z - [Messenger] Sending message type: GET_ESTIMATED_TASK_TIMINGS
[NX v22.6.5 Daemon Client] - 2026-04-23T18:48:20.753Z - [Messenger] Message sent
[NX v22.6.5 Daemon Server] - 2026-04-23T18:48:20.753Z - Received raw message of length 124
[NX v22.6.5 Daemon Server] - 2026-04-23T18:48:20.753Z - Received json message of type GET_ESTIMATED_TASK_TIMINGS
[NX v22.6.5 Daemon Server] - 2026-04-23T18:48:20.753Z - Serializing response for GET_ESTIMATED_TASK_TIMINGS message in json mode
[NX v22.6.5 Daemon Server] - 2026-04-23T18:48:20.753Z - Responding to GET_ESTIMATED_TASK_TIMINGS message
[NX v22.6.5 Daemon Server] - 2026-04-23T18:48:20.753Z - [REQUEST]: Responding to the client. handleGetEstimatedTaskTimings
[NX v22.6.5 Daemon Server] - 2026-04-23T18:48:20.753Z - Done responding to the client handleGetEstimatedTaskTimings
[NX v22.6.5 Daemon Server] - 2026-04-23T18:48:20.753Z - Handled json message GET_ESTIMATED_TASK_TIMINGS. Handling time: 0. Response time: 0.
[NX v22.6.5 Daemon Client] - 2026-04-23T18:48:20.754Z - [Messenger] Received message, length: 2
[NX v22.6.5 Daemon Server] - 2026-04-23T18:48:21.616Z - [WATCHER]: .playwright-cli/console-2026-04-23T17-08-50-042Z.log was modified
[NX v22.6.5 Daemon Server] - 2026-04-23T18:48:21.616Z - [SYNC]: clearing sync generators cache due to file changes
[NX v22.6.5 Daemon Server] - 2026-04-23T18:48:21.616Z - [WATCHER]: Processing file changes in outputs
[NX v22.6.5 Daemon Server] - 2026-04-23T18:48:21.717Z - [REQUEST]: Updated workspace context based on watched changes, recomputing project graph...
[NX v22.6.5 Daemon Server] - 2026-04-23T18:48:21.717Z - [REQUEST]: .playwright-cli/console-2026-04-23T17-08-50-042Z.log
[NX v22.6.5 Daemon Server] - 2026-04-23T18:48:21.717Z - [REQUEST]: 
[NX v22.6.5 Daemon Server] - 2026-04-23T18:48:21.734Z - Time taken for 'hash changed files from watcher' 0.23831100016832352ms
Time taken for 'plugin worker 89690 code loading' 87.176175ms
[NX v22.6.5 Daemon Server] - 2026-04-23T18:48:21.840Z - Time taken for 'start-plugin-worker:nx/js/dependencies-and-lockfile' 121.8435190001037ms
Time taken for 'plugin worker 89696 code loading' 86.16393599999999ms
[NX v22.6.5 Daemon Server] - 2026-04-23T18:48:21.845Z - Time taken for 'start-plugin-worker:nx/core/package-json' 120.98451799992472ms
Time taken for 'plugin worker 89702 code loading' 91.58849000000001ms
[NX v22.6.5 Daemon Server] - 2026-04-23T18:48:21.850Z - Time taken for 'start-plugin-worker:nx/core/project-json' 121.2092399999965ms
[NX v22.6.5 Daemon Server] - 2026-04-23T18:48:21.889Z - Time taken for 'build-project-configs' 168.85983899980783ms
[NX v22.6.5 Daemon Server] - 2026-04-23T18:48:21.889Z - Time taken for 'createNodes:merge' 0.48206200008280575ms
[NX v22.6.5 Daemon Server] - 2026-04-23T18:48:21.889Z - Time taken for 'get-all-workspace-files' 0.09279399993829429ms
Time taken for 'nx/js/dependencies-and-lockfile:createNodes' 1.84463199999999ms
[NX v22.6.5 Daemon Server] - 2026-04-23T18:48:21.892Z - [SYNC]: collect registered sync generators
[NX v22.6.5 Daemon Server] - 2026-04-23T18:48:21.892Z - [SYNC]: project graph hash is the same, not collecting task sync generators
[NX v22.6.5 Daemon Server] - 2026-04-23T18:48:21.892Z - [SYNC]: nx.json hash is the same, not collecting global sync generators
[NX v22.6.5 Daemon Server] - 2026-04-23T18:48:21.892Z - Time taken for 'total execution time for createProjectGraph()' 4.547174999956042ms
[NX v22.6.5 Daemon Server] - 2026-04-23T18:48:21.892Z - Time taken for 'createDependencies' 3.4216350000351667ms
[NX v22.6.5 Daemon Server] - 2026-04-23T18:48:21.892Z - Time taken for 'nx/js/dependencies-and-lockfile:createDependencies' 3.326771999942139ms
[NX v22.6.5 Daemon Server] - 2026-04-23T18:48:21.892Z - Time taken for 'createMetadata' 0.020354999927803874ms
[NX v22.6.5 Daemon Server] - 2026-04-23T18:48:21.892Z - Time taken for 'serialize graph' 0.2150270000565797ms
[NX v22.6.5 Daemon Server] - 2026-04-23T18:48:33.518Z - Established a connection. Number of open connections: 3
[NX v22.6.5 Daemon Client] - 2026-04-23T18:48:33.518Z - [Messenger] Sending message type: GET_CONFIGURE_AI_AGENTS_STATUS
[NX v22.6.5 Daemon Client] - 2026-04-23T18:48:33.518Z - [Messenger] Message sent
[NX v22.6.5 Daemon Server] - 2026-04-23T18:48:33.518Z - Closed a connection. Number of open connections: 2
[NX v22.6.5 Daemon Server] - 2026-04-23T18:48:33.519Z - Received raw message of length 41
[NX v22.6.5 Daemon Server] - 2026-04-23T18:48:33.519Z - Received json message of type GET_CONFIGURE_AI_AGENTS_STATUS
[NX v22.6.5 Daemon Server] - 2026-04-23T18:48:33.519Z - [AI-AGENTS]: Returning cached agent configuration status
[NX v22.6.5 Daemon Server] - 2026-04-23T18:48:33.519Z - Serializing response for GET_CONFIGURE_AI_AGENTS_STATUS message in json mode
[NX v22.6.5 Daemon Server] - 2026-04-23T18:48:33.519Z - Responding to GET_CONFIGURE_AI_AGENTS_STATUS message
[NX v22.6.5 Daemon Server] - 2026-04-23T18:48:33.519Z - [REQUEST]: Responding to the client. handleGetConfigureAiAgentsStatus
[NX v22.6.5 Daemon Server] - 2026-04-23T18:48:33.519Z - Done responding to the client handleGetConfigureAiAgentsStatus
[NX v22.6.5 Daemon Server] - 2026-04-23T18:48:33.519Z - Handled json message GET_CONFIGURE_AI_AGENTS_STATUS. Handling time: 0. Response time: 0.
[NX v22.6.5 Daemon Client] - 2026-04-23T18:48:33.519Z - [Messenger] Received message, length: 341
[NX v22.6.5 Daemon Client] - 2026-04-23T18:48:33.520Z - [Messenger] Sending message type: POST_TASKS_EXECUTION
[NX v22.6.5 Daemon Client] - 2026-04-23T18:48:33.520Z - [Messenger] Message sent
[NX v22.6.5 Daemon Server] - 2026-04-23T18:48:33.520Z - Received raw message of length 20260
[NX v22.6.5 Daemon Server] - 2026-04-23T18:48:33.521Z - Received json message of type POST_TASKS_EXECUTION
[NX v22.6.5 Daemon Server] - 2026-04-23T18:48:33.521Z - Serializing response for POST_TASKS_EXECUTION message in json mode
[NX v22.6.5 Daemon Server] - 2026-04-23T18:48:33.521Z - Responding to POST_TASKS_EXECUTION message
[NX v22.6.5 Daemon Server] - 2026-04-23T18:48:33.521Z - [REQUEST]: Responding to the client. handleRunPostTasksExecution
[NX v22.6.5 Daemon Server] - 2026-04-23T18:48:33.521Z - Done responding to the client handleRunPostTasksExecution
[NX v22.6.5 Daemon Server] - 2026-04-23T18:48:33.521Z - Handled json message POST_TASKS_EXECUTION. Handling time: 0. Response time: 0.
[NX v22.6.5 Daemon Client] - 2026-04-23T18:48:33.521Z - [Messenger] Received message, length: 4
[NX v22.6.5 Daemon Server] - 2026-04-23T18:48:33.521Z - Time taken for 'postTasksExecution' 0.20812200009822845ms
[NX v22.6.5 Daemon Server] - 2026-04-23T18:48:33.540Z - Closed a connection. Number of open connections: 1
[NX v22.6.5 Daemon Client] - 2026-04-23T18:48:39.145Z - [Messenger] Sending message type: RECORD_TASK_RUNS
[NX v22.6.5 Daemon Client] - 2026-04-23T18:48:39.145Z - [Messenger] Message sent
[NX v22.6.5 Daemon Server] - 2026-04-23T18:48:39.145Z - Received raw message of length 371
[NX v22.6.5 Daemon Server] - 2026-04-23T18:48:39.146Z - Received json message of type RECORD_TASK_RUNS
[NX v22.6.5 Daemon Server] - 2026-04-23T18:48:39.147Z - Serializing response for RECORD_TASK_RUNS message in json mode
[NX v22.6.5 Daemon Server] - 2026-04-23T18:48:39.147Z - Responding to RECORD_TASK_RUNS message
[NX v22.6.5 Daemon Server] - 2026-04-23T18:48:39.147Z - [REQUEST]: Responding to the client. handleRecordTaskRuns
[NX v22.6.5 Daemon Server] - 2026-04-23T18:48:39.147Z - Done responding to the client handleRecordTaskRuns
[NX v22.6.5 Daemon Server] - 2026-04-23T18:48:39.147Z - Handled json message RECORD_TASK_RUNS. Handling time: 1. Response time: 0.
[NX v22.6.5 Daemon Client] - 2026-04-23T18:48:39.147Z - [Messenger] Received message, length: 4
[NX v22.6.5 Daemon Server] - 2026-04-23T18:48:39.147Z - Established a connection. Number of open connections: 2
[NX v22.6.5 Daemon Client] - 2026-04-23T18:48:39.147Z - [Messenger] Sending message type: GET_CONFIGURE_AI_AGENTS_STATUS
[NX v22.6.5 Daemon Client] - 2026-04-23T18:48:39.147Z - [Messenger] Message sent
[NX v22.6.5 Daemon Server] - 2026-04-23T18:48:39.147Z - Closed a connection. Number of open connections: 1
[NX v22.6.5 Daemon Server] - 2026-04-23T18:48:39.147Z - Received raw message of length 41
[NX v22.6.5 Daemon Server] - 2026-04-23T18:48:39.147Z - Received json message of type GET_CONFIGURE_AI_AGENTS_STATUS
[NX v22.6.5 Daemon Server] - 2026-04-23T18:48:39.147Z - [AI-AGENTS]: Returning cached agent configuration status
[NX v22.6.5 Daemon Server] - 2026-04-23T18:48:39.147Z - Serializing response for GET_CONFIGURE_AI_AGENTS_STATUS message in json mode
[NX v22.6.5 Daemon Server] - 2026-04-23T18:48:39.147Z - Responding to GET_CONFIGURE_AI_AGENTS_STATUS message
[NX v22.6.5 Daemon Server] - 2026-04-23T18:48:39.147Z - [REQUEST]: Responding to the client. handleGetConfigureAiAgentsStatus
[NX v22.6.5 Daemon Server] - 2026-04-23T18:48:39.147Z - Done responding to the client handleGetConfigureAiAgentsStatus
[NX v22.6.5 Daemon Server] - 2026-04-23T18:48:39.148Z - Handled json message GET_CONFIGURE_AI_AGENTS_STATUS. Handling time: 0. Response time: 1.
[NX v22.6.5 Daemon Client] - 2026-04-23T18:48:39.148Z - [Messenger] Received message, length: 341
[NX v22.6.5 Daemon Client] - 2026-04-23T18:48:39.148Z - [Messenger] Sending message type: POST_TASKS_EXECUTION
[NX v22.6.5 Daemon Client] - 2026-04-23T18:48:39.148Z - [Messenger] Message sent
[NX v22.6.5 Daemon Server] - 2026-04-23T18:48:39.148Z - Received raw message of length 6002
[NX v22.6.5 Daemon Server] - 2026-04-23T18:48:39.149Z - Received json message of type POST_TASKS_EXECUTION
[NX v22.6.5 Daemon Server] - 2026-04-23T18:48:39.149Z - Serializing response for POST_TASKS_EXECUTION message in json mode
[NX v22.6.5 Daemon Server] - 2026-04-23T18:48:39.149Z - Responding to POST_TASKS_EXECUTION message
[NX v22.6.5 Daemon Server] - 2026-04-23T18:48:39.149Z - [REQUEST]: Responding to the client. handleRunPostTasksExecution
[NX v22.6.5 Daemon Server] - 2026-04-23T18:48:39.149Z - Done responding to the client handleRunPostTasksExecution
[NX v22.6.5 Daemon Server] - 2026-04-23T18:48:39.149Z - Handled json message POST_TASKS_EXECUTION. Handling time: 0. Response time: 0.
[NX v22.6.5 Daemon Client] - 2026-04-23T18:48:39.149Z - [Messenger] Received message, length: 4
[NX v22.6.5 Daemon Server] - 2026-04-23T18:48:39.149Z - Time taken for 'postTasksExecution' 0.07944299979135394ms
[NX v22.6.5 Daemon Server] - 2026-04-23T18:48:39.161Z - Closed a connection. Number of open connections: 0
[NX v22.6.5 Daemon Server] - 2026-04-23T18:48:39.182Z - [WATCHER]: .playwright-cli/console-2026-04-23T17-08-50-042Z.log was modified
[NX v22.6.5 Daemon Server] - 2026-04-23T18:48:39.182Z - [SYNC]: clearing sync generators cache due to file changes
[NX v22.6.5 Daemon Server] - 2026-04-23T18:48:39.182Z - [WATCHER]: Processing file changes in outputs
[NX v22.6.5 Daemon Server] - 2026-04-23T18:48:39.383Z - [REQUEST]: Updated workspace context based on watched changes, recomputing project graph...
[NX v22.6.5 Daemon Server] - 2026-04-23T18:48:39.383Z - [REQUEST]: .playwright-cli/console-2026-04-23T17-08-50-042Z.log
[NX v22.6.5 Daemon Server] - 2026-04-23T18:48:39.383Z - [REQUEST]: 
[NX v22.6.5 Daemon Server] - 2026-04-23T18:48:39.391Z - Time taken for 'hash changed files from watcher' 0.16524000000208616ms
[NX v22.6.5 Daemon Server] - 2026-04-23T18:48:39.461Z - Time taken for 'start-plugin-worker:nx/core/package-json' 73.5449339998886ms
Time taken for 'plugin worker 89899 code loading' 55.38737700000001ms
Time taken for 'plugin worker 89898 code loading' 58.678944ms
Time taken for 'plugin worker 89905 code loading' 58.610701999999996ms
[NX v22.6.5 Daemon Server] - 2026-04-23T18:48:39.468Z - Time taken for 'start-plugin-worker:nx/js/dependencies-and-lockfile' 84.77115599997342ms
[NX v22.6.5 Daemon Server] - 2026-04-23T18:48:39.473Z - Time taken for 'start-plugin-worker:nx/core/project-json' 83.89066599984653ms
Time taken for 'nx/js/dependencies-and-lockfile:createNodes' 1.8079150000000084ms
[NX v22.6.5 Daemon Server] - 2026-04-23T18:48:39.503Z - Time taken for 'build-project-configs' 118.42455299990252ms
[NX v22.6.5 Daemon Server] - 2026-04-23T18:48:39.503Z - Time taken for 'createNodes:merge' 0.26202100003138185ms
[NX v22.6.5 Daemon Server] - 2026-04-23T18:48:39.503Z - Time taken for 'get-all-workspace-files' 0.04205000004731119ms
[NX v22.6.5 Daemon Server] - 2026-04-23T18:48:39.505Z - [SYNC]: collect registered sync generators
[NX v22.6.5 Daemon Server] - 2026-04-23T18:48:39.505Z - [SYNC]: project graph hash is the same, not collecting task sync generators
[NX v22.6.5 Daemon Server] - 2026-04-23T18:48:39.505Z - [SYNC]: nx.json hash is the same, not collecting global sync generators
[NX v22.6.5 Daemon Server] - 2026-04-23T18:48:39.505Z - Time taken for 'total execution time for createProjectGraph()' 2.446201000129804ms
[NX v22.6.5 Daemon Server] - 2026-04-23T18:48:39.505Z - Time taken for 'createDependencies' 1.9726650000084192ms
[NX v22.6.5 Daemon Server] - 2026-04-23T18:48:39.505Z - Time taken for 'nx/js/dependencies-and-lockfile:createDependencies' 1.9275489998981357ms
[NX v22.6.5 Daemon Server] - 2026-04-23T18:48:39.505Z - Time taken for 'createMetadata' 0.012532999971881509ms
[NX v22.6.5 Daemon Server] - 2026-04-23T18:48:39.505Z - Time taken for 'serialize graph' 0.2214350001886487ms
[NX v22.6.5 Daemon Server] - 2026-04-23T18:48:55.630Z - [WATCHER]: node-backend/src/index.ts was modified
[NX v22.6.5 Daemon Server] - 2026-04-23T18:48:55.630Z - [SYNC]: clearing sync generators cache due to file changes
[NX v22.6.5 Daemon Server] - 2026-04-23T18:48:55.630Z - [WATCHER]: Processing file changes in outputs
[NX v22.6.5 Daemon Server] - 2026-04-23T18:48:56.031Z - [REQUEST]: Updated workspace context based on watched changes, recomputing project graph...
[NX v22.6.5 Daemon Server] - 2026-04-23T18:48:56.031Z - [REQUEST]: node-backend/src/index.ts
[NX v22.6.5 Daemon Server] - 2026-04-23T18:48:56.031Z - [REQUEST]: 
[NX v22.6.5 Daemon Server] - 2026-04-23T18:48:56.039Z - Time taken for 'hash changed files from watcher' 0.11967299995012581ms
Time taken for 'plugin worker 90114 code loading' 66.135539ms
Time taken for 'plugin worker 90120 code loading' 64.703197ms
Time taken for 'plugin worker 90113 code loading' 71.433752ms
[NX v22.6.5 Daemon Server] - 2026-04-23T18:48:56.128Z - Time taken for 'start-plugin-worker:nx/js/dependencies-and-lockfile' 96.07116899988614ms
[NX v22.6.5 Daemon Server] - 2026-04-23T18:48:56.129Z - Time taken for 'start-plugin-worker:nx/core/package-json' 94.06425299984403ms
[NX v22.6.5 Daemon Server] - 2026-04-23T18:48:56.131Z - Time taken for 'start-plugin-worker:nx/core/project-json' 94.25312599982135ms
[NX v22.6.5 Daemon Server] - 2026-04-23T18:48:56.164Z - Time taken for 'build-project-configs' 131.1335039997939ms
[NX v22.6.5 Daemon Server] - 2026-04-23T18:48:56.164Z - Time taken for 'createNodes:merge' 0.5180829998571426ms
[NX v22.6.5 Daemon Server] - 2026-04-23T18:48:56.164Z - Time taken for 'get-all-workspace-files' 0.07303699990734458ms
Time taken for 'nx/js/dependencies-and-lockfile:createNodes' 1.1153379999999942ms
[NX v22.6.5 Daemon Server] - 2026-04-23T18:48:56.166Z - [SYNC]: collect registered sync generators
[NX v22.6.5 Daemon Server] - 2026-04-23T18:48:56.166Z - [SYNC]: project graph hash is the same, not collecting task sync generators
[NX v22.6.5 Daemon Server] - 2026-04-23T18:48:56.166Z - [SYNC]: nx.json hash is the same, not collecting global sync generators
[NX v22.6.5 Daemon Server] - 2026-04-23T18:48:56.166Z - Time taken for 'total execution time for createProjectGraph()' 2.7799879999365658ms
[NX v22.6.5 Daemon Server] - 2026-04-23T18:48:56.166Z - Time taken for 'createDependencies' 2.1637860001064837ms
[NX v22.6.5 Daemon Server] - 2026-04-23T18:48:56.166Z - Time taken for 'nx/js/dependencies-and-lockfile:createDependencies' 2.1305520001333207ms
[NX v22.6.5 Daemon Server] - 2026-04-23T18:48:56.166Z - Time taken for 'createMetadata' 0.007953000022098422ms
[NX v22.6.5 Daemon Server] - 2026-04-23T18:48:56.166Z - Time taken for 'serialize graph' 0.15039799991063774ms
[NX v22.6.5 Daemon Server] - 2026-04-23T18:49:00.421Z - [WATCHER]: Processing file changes in outputs
[NX v22.6.5 Daemon Server] - 2026-04-23T18:49:00.473Z - [WATCHER]: Processing file changes in outputs
[NX v22.6.5 Daemon Server] - 2026-04-23T18:49:06.824Z - Established a connection. Number of open connections: 1
[NX v22.6.5 Daemon Server] - 2026-04-23T18:49:06.824Z - Closed a connection. Number of open connections: 0
[NX v22.6.5 Daemon Server] - 2026-04-23T18:49:06.825Z - Established a connection. Number of open connections: 1
[NX v22.6.5 Daemon Server] - 2026-04-23T18:49:06.825Z - Closed a connection. Number of open connections: 0
[NX v22.6.5 Daemon Server] - 2026-04-23T18:49:06.825Z - Established a connection. Number of open connections: 1
[NX v22.6.5 Daemon Client] - 2026-04-23T18:49:06.825Z - [Messenger] Setting up socket listeners
[NX v22.6.5 Daemon Client] - 2026-04-23T18:49:06.826Z - [Messenger] listen() complete
[NX v22.6.5 Daemon Client] - 2026-04-23T18:49:06.826Z - [Messenger] Sending message type: GET_NX_CONSOLE_STATUS
[NX v22.6.5 Daemon Client] - 2026-04-23T18:49:06.826Z - [Messenger] Message sent
[NX v22.6.5 Daemon Server] - 2026-04-23T18:49:06.925Z - Received raw message of length 32
[NX v22.6.5 Daemon Server] - 2026-04-23T18:49:06.925Z - Received json message of type GET_NX_CONSOLE_STATUS
[NX v22.6.5 Daemon Server] - 2026-04-23T18:49:06.925Z - Serializing response for GET_NX_CONSOLE_STATUS message in json mode
[NX v22.6.5 Daemon Server] - 2026-04-23T18:49:06.925Z - Responding to GET_NX_CONSOLE_STATUS message
[NX v22.6.5 Daemon Server] - 2026-04-23T18:49:06.925Z - [REQUEST]: Responding to the client. handleGetNxConsoleStatus
[NX v22.6.5 Daemon Server] - 2026-04-23T18:49:06.925Z - Done responding to the client handleGetNxConsoleStatus
[NX v22.6.5 Daemon Server] - 2026-04-23T18:49:06.925Z - Handled json message GET_NX_CONSOLE_STATUS. Handling time: 0. Response time: 0.
[NX v22.6.5 Daemon Client] - 2026-04-23T18:49:06.926Z - [Messenger] Received message, length: 22
[NX v22.6.5 Daemon Client] - 2026-04-23T18:49:06.950Z - [Messenger] Sending message type: REQUEST_PROJECT_GRAPH
[NX v22.6.5 Daemon Client] - 2026-04-23T18:49:06.950Z - [Messenger] Message sent
[NX v22.6.5 Daemon Server] - 2026-04-23T18:49:06.951Z - Received raw message of length 32
[NX v22.6.5 Daemon Server] - 2026-04-23T18:49:06.951Z - Received json message of type REQUEST_PROJECT_GRAPH
[NX v22.6.5 Daemon Server] - 2026-04-23T18:49:06.951Z - [REQUEST]: Client Request for Project Graph Received
[NX v22.6.5 Daemon Server] - 2026-04-23T18:49:06.952Z - Reusing in-memory cached project graph because no files changed.
[NX v22.6.5 Daemon Server] - 2026-04-23T18:49:06.952Z - Serializing response for REQUEST_PROJECT_GRAPH message in json mode
[NX v22.6.5 Daemon Server] - 2026-04-23T18:49:06.952Z - Responding to REQUEST_PROJECT_GRAPH message
[NX v22.6.5 Daemon Server] - 2026-04-23T18:49:06.952Z - [REQUEST]: Responding to the client. project-graph
[NX v22.6.5 Daemon Server] - 2026-04-23T18:49:06.952Z - Done responding to the client project-graph
[NX v22.6.5 Daemon Server] - 2026-04-23T18:49:06.952Z - Handled json message REQUEST_PROJECT_GRAPH. Handling time: 1. Response time: 0.
[NX v22.6.5 Daemon Server] - 2026-04-23T18:49:06.952Z - Time taken for 'total for creating and serializing project graph' 0.49247199995443225ms
[NX v22.6.5 Daemon Client] - 2026-04-23T18:49:06.958Z - [Messenger] Received message, length: 51092
[NX v22.6.5 Daemon Client] - 2026-04-23T18:49:06.959Z - [Messenger] Sending message type: PRE_TASKS_EXECUTION
[NX v22.6.5 Daemon Client] - 2026-04-23T18:49:06.959Z - [Messenger] Message sent
[NX v22.6.5 Daemon Server] - 2026-04-23T18:49:06.959Z - Received raw message of length 453
[NX v22.6.5 Daemon Server] - 2026-04-23T18:49:06.959Z - Received json message of type PRE_TASKS_EXECUTION
[NX v22.6.5 Daemon Server] - 2026-04-23T18:49:06.960Z - Serializing response for PRE_TASKS_EXECUTION message in json mode
[NX v22.6.5 Daemon Server] - 2026-04-23T18:49:06.960Z - Responding to PRE_TASKS_EXECUTION message
[NX v22.6.5 Daemon Server] - 2026-04-23T18:49:06.960Z - [REQUEST]: Responding to the client. handleRunPreTasksExecution
[NX v22.6.5 Daemon Server] - 2026-04-23T18:49:06.960Z - Done responding to the client handleRunPreTasksExecution
[NX v22.6.5 Daemon Server] - 2026-04-23T18:49:06.960Z - Handled json message PRE_TASKS_EXECUTION. Handling time: 1. Response time: 0.
[NX v22.6.5 Daemon Client] - 2026-04-23T18:49:06.960Z - [Messenger] Received message, length: 2
[NX v22.6.5 Daemon Server] - 2026-04-23T18:49:06.960Z - Time taken for 'preTasksExecution' 0.15053600003011525ms
[NX v22.6.5 Daemon Client] - 2026-04-23T18:49:06.970Z - [Messenger] Sending message type: HASH_TASKS
[NX v22.6.5 Daemon Client] - 2026-04-23T18:49:06.971Z - [Messenger] Message sent
[NX v22.6.5 Daemon Server] - 2026-04-23T18:49:06.971Z - Received raw message of length 6773
[NX v22.6.5 Daemon Server] - 2026-04-23T18:49:06.971Z - Received json message of type HASH_TASKS
[NX v22.6.5 Daemon Server] - 2026-04-23T18:49:06.971Z - Reusing in-memory cached project graph because no files changed.
DEBUG nx::native::tasks::hash_planner: get_plans_internal COMPLETED in 270.157µs - processed 2 tasks (setup: 63.476µs, parallel_planning: 204.83µs)
DEBUG nx::native::tasks::hashers::hash_workspace_files: Hashing workspace fileset with inputs: Adding "14131790413828198662" (".gitignore") to hash
DEBUG nx::native::tasks::hashers::hash_workspace_files: Hashing workspace fileset with inputs: Adding "14131790413828198662" (".gitignore") to hash
DEBUG nx::native::tasks::hashers::hash_workspace_files: Hashing workspace fileset with inputs: Adding "16065994131877946731" ("nx.json") to hash
DEBUG nx::native::tasks::hashers::hash_workspace_files: Hashing workspace fileset with inputs: Adding "16065994131877946731" ("nx.json") to hash
DEBUG nx::native::tasks::hashers::hash_workspace_files: Hashing workspace fileset with inputs: Hash Value: "9147741371145341845"
DEBUG nx::native::tasks::hashers::hash_workspace_files: Hashing workspace fileset with inputs: Hash Value: "9147741371145341845"
DEBUG nx::native::tasks::task_hasher: hash_plans COMPLETED in 487.555µs - processed 2 plans (setup: 26.083µs, hashing: 460.624µs, assembly: 56.565µs)
[NX v22.6.5 Daemon Server] - 2026-04-23T18:49:06.973Z - Serializing response for HASH_TASKS message in json mode
[NX v22.6.5 Daemon Server] - 2026-04-23T18:49:06.973Z - Responding to HASH_TASKS message
[NX v22.6.5 Daemon Server] - 2026-04-23T18:49:06.973Z - [REQUEST]: Responding to the client. handleHashTasks
[NX v22.6.5 Daemon Server] - 2026-04-23T18:49:06.973Z - Done responding to the client handleHashTasks
[NX v22.6.5 Daemon Server] - 2026-04-23T18:49:06.973Z - Handled json message HASH_TASKS. Handling time: 2. Response time: 0.
[NX v22.6.5 Daemon Client] - 2026-04-23T18:49:06.973Z - [Messenger] Received message, length: 1112
[NX v22.6.5 Daemon Client] - 2026-04-23T18:49:06.984Z - [Messenger] Sending message type: GET_ESTIMATED_TASK_TIMINGS
[NX v22.6.5 Daemon Client] - 2026-04-23T18:49:06.984Z - [Messenger] Message sent
[NX v22.6.5 Daemon Server] - 2026-04-23T18:49:06.985Z - Received raw message of length 124
[NX v22.6.5 Daemon Server] - 2026-04-23T18:49:06.985Z - Received json message of type GET_ESTIMATED_TASK_TIMINGS
[NX v22.6.5 Daemon Server] - 2026-04-23T18:49:06.985Z - Serializing response for GET_ESTIMATED_TASK_TIMINGS message in json mode
[NX v22.6.5 Daemon Server] - 2026-04-23T18:49:06.985Z - Responding to GET_ESTIMATED_TASK_TIMINGS message
[NX v22.6.5 Daemon Server] - 2026-04-23T18:49:06.985Z - [REQUEST]: Responding to the client. handleGetEstimatedTaskTimings
[NX v22.6.5 Daemon Server] - 2026-04-23T18:49:06.985Z - Done responding to the client handleGetEstimatedTaskTimings
[NX v22.6.5 Daemon Server] - 2026-04-23T18:49:06.985Z - Handled json message GET_ESTIMATED_TASK_TIMINGS. Handling time: 0. Response time: 0.
[NX v22.6.5 Daemon Client] - 2026-04-23T18:49:06.986Z - [Messenger] Received message, length: 2
[NX v22.6.5 Daemon Server] - 2026-04-23T18:49:07.922Z - [WATCHER]: .playwright-cli/console-2026-04-23T17-08-50-042Z.log was modified
[NX v22.6.5 Daemon Server] - 2026-04-23T18:49:07.922Z - [SYNC]: clearing sync generators cache due to file changes
[NX v22.6.5 Daemon Server] - 2026-04-23T18:49:07.922Z - [WATCHER]: Processing file changes in outputs
[NX v22.6.5 Daemon Server] - 2026-04-23T18:49:08.023Z - [REQUEST]: Updated workspace context based on watched changes, recomputing project graph...
[NX v22.6.5 Daemon Server] - 2026-04-23T18:49:08.023Z - [REQUEST]: .playwright-cli/console-2026-04-23T17-08-50-042Z.log
[NX v22.6.5 Daemon Server] - 2026-04-23T18:49:08.023Z - [REQUEST]: 
[NX v22.6.5 Daemon Server] - 2026-04-23T18:49:08.039Z - Time taken for 'hash changed files from watcher' 0.337085000006482ms
Time taken for 'plugin worker 90402 code loading' 70.136525ms
[NX v22.6.5 Daemon Server] - 2026-04-23T18:49:08.134Z - Time taken for 'start-plugin-worker:nx/js/dependencies-and-lockfile' 109.59850200009532ms
[NX v22.6.5 Daemon Server] - 2026-04-23T18:49:08.137Z - Time taken for 'start-plugin-worker:nx/core/package-json' 105.44871799997054ms
Time taken for 'plugin worker 90403 code loading' 75.74328799999999ms
Time taken for 'plugin worker 90409 code loading' 73.976439ms
[NX v22.6.5 Daemon Server] - 2026-04-23T18:49:08.143Z - Time taken for 'start-plugin-worker:nx/core/project-json' 108.32993200002238ms
Time taken for 'nx/js/dependencies-and-lockfile:createNodes' 1.3844719999999882ms
[NX v22.6.5 Daemon Server] - 2026-04-23T18:49:08.175Z - Time taken for 'build-project-configs' 150.57567099994048ms
[NX v22.6.5 Daemon Server] - 2026-04-23T18:49:08.175Z - Time taken for 'createNodes:merge' 0.23362600011751056ms
[NX v22.6.5 Daemon Server] - 2026-04-23T18:49:08.175Z - Time taken for 'get-all-workspace-files' 0.03612800012342632ms
[NX v22.6.5 Daemon Server] - 2026-04-23T18:49:08.178Z - [SYNC]: collect registered sync generators
[NX v22.6.5 Daemon Server] - 2026-04-23T18:49:08.178Z - [SYNC]: project graph hash is the same, not collecting task sync generators
[NX v22.6.5 Daemon Server] - 2026-04-23T18:49:08.178Z - [SYNC]: nx.json hash is the same, not collecting global sync generators
[NX v22.6.5 Daemon Server] - 2026-04-23T18:49:08.178Z - Time taken for 'total execution time for createProjectGraph()' 2.8096680000890046ms
[NX v22.6.5 Daemon Server] - 2026-04-23T18:49:08.178Z - Time taken for 'createDependencies' 2.39632899989374ms
[NX v22.6.5 Daemon Server] - 2026-04-23T18:49:08.178Z - Time taken for 'nx/js/dependencies-and-lockfile:createDependencies' 2.3455390001181513ms
[NX v22.6.5 Daemon Server] - 2026-04-23T18:49:08.178Z - Time taken for 'createMetadata' 0.011689999839290977ms
[NX v22.6.5 Daemon Server] - 2026-04-23T18:49:08.178Z - Time taken for 'serialize graph' 0.17911399994045496ms
[NX v22.6.5 Daemon Client] - 2026-04-23T18:49:11.658Z - [Messenger] Sending message type: RECORD_TASK_RUNS
[NX v22.6.5 Daemon Client] - 2026-04-23T18:49:11.658Z - [Messenger] Message sent
[NX v22.6.5 Daemon Server] - 2026-04-23T18:49:11.658Z - Received raw message of length 372
[NX v22.6.5 Daemon Server] - 2026-04-23T18:49:11.659Z - Received json message of type RECORD_TASK_RUNS
[NX v22.6.5 Daemon Server] - 2026-04-23T18:49:11.660Z - Serializing response for RECORD_TASK_RUNS message in json mode
[NX v22.6.5 Daemon Server] - 2026-04-23T18:49:11.660Z - Responding to RECORD_TASK_RUNS message
[NX v22.6.5 Daemon Server] - 2026-04-23T18:49:11.660Z - [REQUEST]: Responding to the client. handleRecordTaskRuns
[NX v22.6.5 Daemon Server] - 2026-04-23T18:49:11.660Z - Done responding to the client handleRecordTaskRuns
[NX v22.6.5 Daemon Server] - 2026-04-23T18:49:11.660Z - Handled json message RECORD_TASK_RUNS. Handling time: 1. Response time: 0.
[NX v22.6.5 Daemon Client] - 2026-04-23T18:49:11.660Z - [Messenger] Received message, length: 4
[NX v22.6.5 Daemon Server] - 2026-04-23T18:49:11.661Z - Established a connection. Number of open connections: 2
[NX v22.6.5 Daemon Client] - 2026-04-23T18:49:11.661Z - [Messenger] Sending message type: GET_CONFIGURE_AI_AGENTS_STATUS
[NX v22.6.5 Daemon Client] - 2026-04-23T18:49:11.661Z - [Messenger] Message sent
[NX v22.6.5 Daemon Server] - 2026-04-23T18:49:11.661Z - Closed a connection. Number of open connections: 1
[NX v22.6.5 Daemon Server] - 2026-04-23T18:49:11.662Z - Received raw message of length 41
[NX v22.6.5 Daemon Server] - 2026-04-23T18:49:11.662Z - Received json message of type GET_CONFIGURE_AI_AGENTS_STATUS
[NX v22.6.5 Daemon Server] - 2026-04-23T18:49:11.662Z - [AI-AGENTS]: Returning cached agent configuration status
[NX v22.6.5 Daemon Server] - 2026-04-23T18:49:11.662Z - Serializing response for GET_CONFIGURE_AI_AGENTS_STATUS message in json mode
[NX v22.6.5 Daemon Server] - 2026-04-23T18:49:11.662Z - Responding to GET_CONFIGURE_AI_AGENTS_STATUS message
[NX v22.6.5 Daemon Server] - 2026-04-23T18:49:11.662Z - [REQUEST]: Responding to the client. handleGetConfigureAiAgentsStatus
[NX v22.6.5 Daemon Server] - 2026-04-23T18:49:11.662Z - Done responding to the client handleGetConfigureAiAgentsStatus
[NX v22.6.5 Daemon Server] - 2026-04-23T18:49:11.662Z - Handled json message GET_CONFIGURE_AI_AGENTS_STATUS. Handling time: 0. Response time: 0.
[NX v22.6.5 Daemon Client] - 2026-04-23T18:49:11.662Z - [Messenger] Received message, length: 341
[NX v22.6.5 Daemon Client] - 2026-04-23T18:49:11.663Z - [Messenger] Sending message type: POST_TASKS_EXECUTION
[NX v22.6.5 Daemon Client] - 2026-04-23T18:49:11.663Z - [Messenger] Message sent
[NX v22.6.5 Daemon Server] - 2026-04-23T18:49:11.663Z - Received raw message of length 5428
[NX v22.6.5 Daemon Server] - 2026-04-23T18:49:11.663Z - Received json message of type POST_TASKS_EXECUTION
[NX v22.6.5 Daemon Server] - 2026-04-23T18:49:11.663Z - Serializing response for POST_TASKS_EXECUTION message in json mode
[NX v22.6.5 Daemon Server] - 2026-04-23T18:49:11.663Z - Responding to POST_TASKS_EXECUTION message
[NX v22.6.5 Daemon Server] - 2026-04-23T18:49:11.663Z - [REQUEST]: Responding to the client. handleRunPostTasksExecution
[NX v22.6.5 Daemon Server] - 2026-04-23T18:49:11.663Z - Done responding to the client handleRunPostTasksExecution
[NX v22.6.5 Daemon Server] - 2026-04-23T18:49:11.663Z - Handled json message POST_TASKS_EXECUTION. Handling time: 0. Response time: 0.
[NX v22.6.5 Daemon Client] - 2026-04-23T18:49:11.663Z - [Messenger] Received message, length: 4
[NX v22.6.5 Daemon Server] - 2026-04-23T18:49:11.663Z - Time taken for 'postTasksExecution' 0.1303230000194162ms
[NX v22.6.5 Daemon Server] - 2026-04-23T18:49:11.679Z - Closed a connection. Number of open connections: 0
[NX v22.6.5 Daemon Server] - 2026-04-23T18:49:11.680Z - [WATCHER]: .playwright-cli/console-2026-04-23T17-08-50-042Z.log was modified
[NX v22.6.5 Daemon Server] - 2026-04-23T18:49:11.681Z - [SYNC]: clearing sync generators cache due to file changes
[NX v22.6.5 Daemon Server] - 2026-04-23T18:49:11.681Z - [WATCHER]: Processing file changes in outputs
[NX v22.6.5 Daemon Server] - 2026-04-23T18:49:11.881Z - [REQUEST]: Updated workspace context based on watched changes, recomputing project graph...
[NX v22.6.5 Daemon Server] - 2026-04-23T18:49:11.881Z - [REQUEST]: .playwright-cli/console-2026-04-23T17-08-50-042Z.log
[NX v22.6.5 Daemon Server] - 2026-04-23T18:49:11.881Z - [REQUEST]: 
[NX v22.6.5 Daemon Server] - 2026-04-23T18:49:11.899Z - Time taken for 'hash changed files from watcher' 0.17056700005196035ms
Time taken for 'plugin worker 90535 code loading' 87.785156ms
Time taken for 'plugin worker 90542 code loading' 84.65381099999999ms
[NX v22.6.5 Daemon Server] - 2026-04-23T18:49:12.009Z - Time taken for 'start-plugin-worker:nx/core/package-json' 120.40990599989891ms
[NX v22.6.5 Daemon Server] - 2026-04-23T18:49:12.009Z - Time taken for 'start-plugin-worker:nx/core/project-json' 115.57330900011584ms
Time taken for 'plugin worker 90534 code loading' 94.51292699999999ms
[NX v22.6.5 Daemon Server] - 2026-04-23T18:49:12.019Z - Time taken for 'start-plugin-worker:nx/js/dependencies-and-lockfile' 136.60258199996315ms
[NX v22.6.5 Daemon Server] - 2026-04-23T18:49:12.072Z - Time taken for 'build-project-configs' 189.05571300000884ms
[NX v22.6.5 Daemon Server] - 2026-04-23T18:49:12.072Z - Time taken for 'createNodes:merge' 0.21836599987000227ms
[NX v22.6.5 Daemon Server] - 2026-04-23T18:49:12.072Z - Time taken for 'get-all-workspace-files' 0.033279999857768416ms
Time taken for 'nx/js/dependencies-and-lockfile:createNodes' 1.5942429999999774ms
[NX v22.6.5 Daemon Server] - 2026-04-23T18:49:12.073Z - [SYNC]: collect registered sync generators
[NX v22.6.5 Daemon Server] - 2026-04-23T18:49:12.073Z - [SYNC]: project graph hash is the same, not collecting task sync generators
[NX v22.6.5 Daemon Server] - 2026-04-23T18:49:12.073Z - [SYNC]: nx.json hash is the same, not collecting global sync generators
[NX v22.6.5 Daemon Server] - 2026-04-23T18:49:12.073Z - Time taken for 'total execution time for createProjectGraph()' 2.15294299996458ms
[NX v22.6.5 Daemon Server] - 2026-04-23T18:49:12.073Z - Time taken for 'createDependencies' 1.7341539999470115ms
[NX v22.6.5 Daemon Server] - 2026-04-23T18:49:12.073Z - Time taken for 'nx/js/dependencies-and-lockfile:createDependencies' 1.7046469999477267ms
[NX v22.6.5 Daemon Server] - 2026-04-23T18:49:12.073Z - Time taken for 'createMetadata' 0.0075709999073296785ms
[NX v22.6.5 Daemon Server] - 2026-04-23T18:49:12.073Z - Time taken for 'serialize graph' 0.15014499984681606ms
